Dex No.,Name,Generation,Catch Rate,Egg Group,Gender Ratio Male,Gender Ratio Female
#0101,Electrode,Generation I,60,Mineral,0.0,0.0
#0101,Electrode (Hisuian Electrode),Generation I,60,Mineral,0.0,0.0
#0527,Woobat,Generation V,190,Field,50.0,50.0
#0707,Klefki,Generation VI,75,Mineral,50.0,50.0
#0282,Gardevoir,Generation III,45,Human-Like,50.0,50.0
#0282,Gardevoir (Mega Gardevoir),Generation III,45,Human-Like,50.0,50.0
#0807,Zeraora,Generation VII,3,No Eggs Discovered,0.0,0.0
#0851,Centiskorch (Gigantamax Centiskorch),Generation VIII,75,Bug,50.0,50.0
#0851,Centiskorch,Generation VIII,75,Bug,50.0,50.0
#0897,Spectrier,Generation VIII,3,No Eggs Discovered,0.0,0.0
#0392,Infernape,Generation IV,45,Field,87.5,12.5
#0175,Togepi,Generation II,190,No Eggs Discovered,87.5,12.5
#0236,Tyrogue,Generation II,75,No Eggs Discovered,100.0,0.0
#0837,Rolycoly,Generation VIII,255,Mineral,50.0,50.0
#0443,Gible,Generation IV,45,Monster,50.0,50.0
#0892,Urshifu (Rapid Strike Style),Generation VIII,3,No Eggs Discovered,87.5,12.5
#0892,Urshifu (Gigantamax Urshifu(Rapid Strike Style)),Generation VIII,3,No Eggs Discovered,87.5,12.5
#0892,Urshifu (Single Strike Style),Generation VIII,3,No Eggs Discovered,87.5,12.5
#0892,Urshifu (Gigantamax Urshifu(Single Strike Style)),Generation VIII,3,No Eggs Discovered,87.5,12.5
#0011,Metapod,Generation I,120,Bug,50.0,50.0
#0068,Machamp,Generation I,45,Human-Like,75.0,25.0
#0068,Machamp (Gigantamax Machamp),Generation I,45,Human-Like,75.0,25.0
#0248,Tyranitar (Mega Tyranitar),Generation II,45,Monster,50.0,50.0
#0248,Tyranitar,Generation II,45,Monster,50.0,50.0
#0512,Simisage,Generation V,75,Field,87.5,12.5
#0506,Lillipup,Generation V,255,Field,50.0,50.0
#0549,Lilligant (Hisuian Lilligant),Generation V,75,Grass,0.0,100.0
#0549,Lilligant,Generation V,75,Grass,0.0,100.0
#0887,Dragapult,Generation VIII,45,Amorphous,50.0,50.0
#0466,Electivire,Generation IV,30,Human-Like,75.0,25.0
#0968,Orthworm,Generation IX,25,Field,50.0,50.0
#0455,Carnivine,Generation IV,200,Grass,50.0,50.0
#0936,Armarouge,Generation IX,25,Human-Like,50.0,50.0
#0191,Sunkern,Generation II,235,Grass,50.0,50.0
#0501,Oshawott,Generation V,45,Field,87.5,12.5
#0597,Ferroseed,Generation V,255,Grass,50.0,50.0
#0509,Purrloin,Generation V,255,Field,50.0,50.0
#0934,Garganacl,Generation IX,45,Mineral,50.0,50.0
#1003,Ting-Lu,Generation IX,6,No Eggs Discovered,0.0,0.0
#0182,Bellossom,Generation II,45,Grass,50.0,50.0
#0097,Hypno,Generation I,75,Human-Like,50.0,50.0
#0741,Oricorio (Pa'u Style),Generation VII,45,Flying,25.0,75.0
#0741,Oricorio (Pom-Pom Style),Generation VII,45,Flying,25.0,75.0
#0741,Oricorio (Sensu Style),Generation VII,45,Flying,25.0,75.0
#0741,Oricorio (Baile Style),Generation VII,45,Flying,25.0,75.0
#0898,Calyrex (Shadow Rider Calyrex),Generation VIII,3,No Eggs Discovered,0.0,0.0
#0898,Calyrex (Ice Rider Calyrex),Generation VIII,3,No Eggs Discovered,0.0,0.0
#0898,Calyrex (Ice Rider/Shadow Rider Calyrex),Generation VIII,3,No Eggs Discovered,0.0,0.0
#0898,Calyrex,Generation VIII,3,No Eggs Discovered,0.0,0.0
#0553,Krookodile,Generation V,45,Field,50.0,50.0
#0997,Arctibax,Generation IX,25,Dragon,50.0,50.0
#0456,Finneon,Generation IV,190,Water 2,50.0,50.0
#0289,Slaking,Generation III,45,Field,50.0,50.0
#0106,Hitmonlee,Generation I,45,Human-Like,100.0,0.0
#0676,Furfrou,Generation VI,160,Field,50.0,50.0
#0605,Elgyem,Generation V,255,Human-Like,50.0,50.0
#0432,Purugly,Generation IV,75,Field,25.0,75.0
#0991,Iron Bundle,Generation IX,50,No Eggs Discovered,0.0,0.0
#0189,Jumpluff,Generation II,45,Fairy,50.0,50.0
#0387,Turtwig,Generation IV,45,Monster,87.5,12.5
#0496,Servine,Generation V,45,Field,87.5,12.5
#0988,Slither Wing,Generation IX,30,No Eggs Discovered,0.0,0.0
#0172,Pichu (Spiky-eared Pichu),Generation II,190,No Eggs Discovered,50.0,50.0
#0172,Pichu,Generation II,190,No Eggs Discovered,50.0,50.0
#0979,Annihilape,Generation IX,45,Field,50.0,50.0
#0439,Mime Jr.,Generation IV,145,No Eggs Discovered,50.0,50.0
#0974,Cetoddle,Generation IX,150,Field,50.0,50.0
#0211,Qwilfish,Generation II,45,Water 2,50.0,50.0
#0211,Qwilfish (Hisuian Qwilfish),Generation II,45,Water 2,50.0,50.0
#0844,Sandaconda,Generation VIII,120,Field,50.0,50.0
#0844,Sandaconda (Gigantamax Sandaconda),Generation VIII,120,Field,50.0,50.0
#0339,Barboach,Generation III,190,Water 2,50.0,50.0
#1001,Wo-Chien,Generation IX,6,No Eggs Discovered,0.0,0.0
#0592,Frillish,Generation V,190,Amorphous,50.0,50.0
#0745,Lycanroc (Midnight Form),Generation VII,90,Field,50.0,50.0
#0745,Lycanroc (Dusk Form),Generation VII,90,Field,50.0,50.0
#0745,Lycanroc (Midday Form),Generation VII,90,Field,50.0,50.0
#0750,Mudsdale,Generation VII,60,Field,50.0,50.0
#0292,Shedinja,Generation III,45,Mineral,0.0,0.0
#0765,Oranguru,Generation VII,45,Field,50.0,50.0
#0722,Rowlet,Generation VII,45,Flying,87.5,12.5
#0790,Cosmoem,Generation VII,45,No Eggs Discovered,0.0,0.0
#0119,Seaking,Generation I,60,Water 2,50.0,50.0
#0766,Passimian,Generation VII,45,Field,50.0,50.0
#0696,Tyrunt,Generation VI,45,Monster,87.5,12.5
#0976,Veluza,Generation IX,100,Water 2,50.0,50.0
#0170,Chinchou,Generation II,190,Water 2,50.0,50.0
#0429,Mismagius,Generation IV,45,Amorphous,50.0,50.0
#0367,Huntail,Generation III,60,Water 1,50.0,50.0
#0254,Sceptile (Mega Sceptile),Generation III,45,Monster,87.5,12.5
#0254,Sceptile,Generation III,45,Monster,87.5,12.5
#0938,Tadbulb,Generation IX,190,Water 1,50.0,50.0
#0375,Metang,Generation III,3,Mineral,0.0,0.0
#0072,Tentacool,Generation I,190,Water 3,50.0,50.0
#0395,Empoleon,Generation IV,45,Water 1,87.5,12.5
#0206,Dunsparce,Generation II,190,Field,50.0,50.0
#0491,Darkrai,Generation IV,3,No Eggs Discovered,0.0,0.0
#0810,Grookey,Generation VIII,45,Field,87.5,12.5
#0972,Houndstone,Generation IX,60,Field,50.0,50.0
#0635,Hydreigon,Generation V,45,Dragon,50.0,50.0
#0366,Clamperl,Generation III,255,Water 1,50.0,50.0
#0026,Raichu,Generation I,75,Field,50.0,50.0
#0026,Raichu (Alolan Raichu),Generation I,75,Field,50.0,50.0
#0814,Raboot,Generation VIII,45,Field,87.5,12.5
#0822,Corvisquire,Generation VIII,120,Flying,50.0,50.0
#0353,Shuppet,Generation III,225,Amorphous,50.0,50.0
#0697,Tyrantrum,Generation VI,45,Monster,87.5,12.5
#0809,Melmetal,Generation VII,3,No Eggs Discovered,0.0,0.0
#0809,Melmetal (Gigantamax Melmetal),Generation VII,3,No Eggs Discovered,0.0,0.0
#0777,Togedemaru,Generation VII,180,Field,50.0,50.0
#0300,Skitty,Generation III,255,Field,25.0,75.0
#0059,Arcanine (Hisuian Arcanine),Generation I,75,Field,75.0,25.0
#0059,Arcanine,Generation I,75,Field,75.0,25.0
#0071,Victreebel,Generation I,45,Grass,50.0,50.0
#0299,Nosepass,Generation III,255,Mineral,50.0,50.0
#0685,Slurpuff,Generation VI,140,Fairy,50.0,50.0
#0217,Ursaring,Generation II,60,Field,50.0,50.0
#0321,Wailord,Generation III,60,Field,50.0,50.0
#0419,Floatzel,Generation IV,75,Water 1,50.0,50.0
#0845,Cramorant (Gorging Form),Generation VIII,45,Water 1,50.0,50.0
#0845,Cramorant (Gulping Form),Generation VIII,45,Water 1,50.0,50.0
#0845,Cramorant,Generation VIII,45,Water 1,50.0,50.0
#0411,Bastiodon,Generation IV,45,Monster,87.5,12.5
#0518,Musharna,Generation V,75,Field,50.0,50.0
#0710,Pumpkaboo (Average Size),Generation VI,120,Amorphous,50.0,50.0
#0710,Pumpkaboo (Super Size),Generation VI,120,Amorphous,50.0,50.0
#0710,Pumpkaboo (Small Size),Generation VI,120,Amorphous,50.0,50.0
#0710,Pumpkaboo (Large Size),Generation VI,120,Amorphous,50.0,50.0
#0999,Gimmighoul (Roaming Form),Generation IX,45,No Eggs Discovered,0.0,0.0
#0999,Gimmighoul (Chest Form),Generation IX,45,No Eggs Discovered,0.0,0.0
#0168,Ariados,Generation II,90,Bug,50.0,50.0
#0839,Coalossal (Gigantamax Coalossal),Generation VIII,45,Mineral,50.0,50.0
#0839,Coalossal,Generation VIII,45,Mineral,50.0,50.0
#0295,Exploud,Generation III,45,Monster,50.0,50.0
#0893,Zarude,Generation VIII,3,No Eggs Discovered,0.0,0.0
#0893,Zarude (Dada Zarude),Generation VIII,3,No Eggs Discovered,0.0,0.0
#0267,Beautifly,Generation III,45,Bug,50.0,50.0
#0036,Clefable,Generation I,25,Fairy,25.0,75.0
#0490,Manaphy,Generation IV,3,Water 1,0.0,0.0
#0929,Dolliv,Generation IX,120,Grass,50.0,50.0
#0314,Illumise,Generation III,150,Bug,0.0,100.0
#0664,Scatterbug,Generation VI,255,Bug,50.0,50.0
#0122,Mr. Mime,Generation I,45,Human-Like,50.0,50.0
#0122,Mr. Mime (Galarian Mr. Mime),Generation I,45,Human-Like,50.0,50.0
#0633,Deino,Generation V,45,Dragon,50.0,50.0
#0977,Dondozo,Generation IX,25,Water 2,50.0,50.0
#0275,Shiftry,Generation III,45,Field,50.0,50.0
#0824,Blipbug,Generation VIII,255,Bug,50.0,50.0
#0044,Gloom,Generation I,120,Grass,50.0,50.0
#0669,Flabébé (Red Flower),Generation VI,225,Fairy,0.0,100.0
#0669,Flabébé (White Flower),Generation VI,225,Fairy,0.0,100.0
#0669,Flabébé (Blue Flower),Generation VI,225,Fairy,0.0,100.0
#0669,Flabébé (Yellow Flower),Generation VI,225,Fairy,0.0,100.0
#0669,Flabébé (Orange Flower),Generation VI,225,Fairy,0.0,100.0
#0921,Pawmi,Generation IX,190,Field,50.0,50.0
#0978,Tatsugiri (Curly Form),Generation IX,100,Water 2,50.0,50.0
#0978,Tatsugiri (Droopy Form),Generation IX,100,Water 2,50.0,50.0
#0978,Tatsugiri (Stretchy Form),Generation IX,100,Water 2,50.0,50.0
#0195,Quagsire,Generation II,90,Water 1,50.0,50.0
#0221,Piloswine,Generation II,75,Field,50.0,50.0
#0230,Kingdra,Generation II,45,Water 1,50.0,50.0
#0024,Arbok,Generation I,90,Field,50.0,50.0
#0820,Greedent,Generation VIII,90,Field,50.0,50.0
#0573,Cinccino,Generation V,60,Field,25.0,75.0
#0196,Espeon,Generation II,45,Field,87.5,12.5
#0080,Slowbro (Mega Slowbro),Generation I,75,Monster,50.0,50.0
#0080,Slowbro (Galarian Slowbro),Generation I,75,Monster,50.0,50.0
#0080,Slowbro,Generation I,75,Monster,50.0,50.0
#0293,Whismur,Generation III,190,Monster,50.0,50.0
#0245,Suicune,Generation II,3,No Eggs Discovered,0.0,0.0
#0890,Eternatus (Eternamax Eternatus),Generation VIII,255,No Eggs Discovered,0.0,0.0
#0890,Eternatus,Generation VIII,255,No Eggs Discovered,0.0,0.0
#0970,Glimmora,Generation IX,25,Mineral,50.0,50.0
#0951,Capsakid,Generation IX,190,Grass,50.0,50.0
#0744,Rockruff (Own Tempo Form),Generation VII,190,Field,50.0,50.0
#0955,Flittle,Generation IX,120,Flying,50.0,50.0
#0082,Magneton,Generation I,60,Mineral,0.0,0.0
#0835,Yamper,Generation VIII,255,Field,50.0,50.0
#0488,Cresselia,Generation IV,3,No Eggs Discovered,0.0,100.0
#0324,Torkoal,Generation III,90,Field,50.0,50.0
#0847,Barraskewda,Generation VIII,60,Water 2,50.0,50.0
#0743,Ribombee,Generation VII,75,Bug,50.0,50.0
#0018,Pidgeot,Generation I,45,Flying,50.0,50.0
#0018,Pidgeot (Mega Pidgeot),Generation I,45,Flying,50.0,50.0
#0025,Pikachu (Partner Pikachu),Generation I,190,Field,50.0,50.0
#0025,Pikachu (Cosplay Pikachu),Generation I,190,Field,50.0,50.0
#0025,Pikachu,Generation I,190,Field,50.0,50.0
#0025,Pikachu (Pikachu in a cap),Generation I,190,Field,50.0,50.0
#0025,Pikachu (Gigantamax Pikachu),Generation I,190,Field,50.0,50.0
#0266,Silcoon,Generation III,120,Bug,50.0,50.0
#0052,Meowth (Gigantamax Meowth),Generation I,255,Field,50.0,50.0
#0052,Meowth,Generation I,255,Field,50.0,50.0
#0052,Meowth (Alolan Meowth),Generation I,255,Field,50.0,50.0
#0052,Meowth (Galarian Meowth),Generation I,255,Field,50.0,50.0
#0280,Ralts,Generation III,235,Human-Like,50.0,50.0
#0064,Kadabra,Generation I,100,Human-Like,75.0,25.0
#0241,Miltank,Generation II,45,Field,0.0,100.0
#0647,Keldeo (Ordinary Form),Generation V,3,No Eggs Discovered,0.0,0.0
#0647,Keldeo (Resolute Form),Generation V,3,No Eggs Discovered,0.0,0.0
#0083,Farfetch'd,Generation I,45,Flying,50.0,50.0
#0083,Farfetch'd (Galarian Farfetch'd),Generation I,45,Flying,50.0,50.0
#0989,Sandy Shocks,Generation IX,30,No Eggs Discovered,0.0,0.0
#0009,Blastoise,Generation I,45,Monster,87.5,12.5
#0009,Blastoise (Mega Blastoise),Generation I,45,Monster,87.5,12.5
#0009,Blastoise (Gigantamax Blastoise),Generation I,45,Monster,87.5,12.5
#0369,Relicanth,Generation III,25,Water 1,87.5,12.5
#0243,Raikou,Generation II,3,No Eggs Discovered,0.0,0.0
#0038,Ninetales,Generation I,75,Field,25.0,75.0
#0038,Ninetales (Alolan Ninetales),Generation I,75,Field,25.0,75.0
#0399,Bidoof,Generation IV,255,Water 1,50.0,50.0
#0695,Heliolisk,Generation VI,75,Monster,50.0,50.0
#0969,Glimmet,Generation IX,70,Mineral,50.0,50.0
#0409,Rampardos,Generation IV,45,Monster,87.5,12.5
#0253,Grovyle,Generation III,45,Monster,87.5,12.5
#0546,Cottonee,Generation V,190,Grass,50.0,50.0
#0337,Lunatone,Generation III,45,Mineral,0.0,0.0
#0192,Sunflora,Generation II,120,Grass,50.0,50.0
#0540,Sewaddle,Generation V,255,Bug,50.0,50.0
#0604,Eelektross,Generation V,30,Amorphous,50.0,50.0
#0259,Marshtomp,Generation III,45,Monster,87.5,12.5
#0869,Alcremie (Gigantamax Alcremie),Generation VIII,100,Fairy,0.0,100.0
#0869,Alcremie,Generation VIII,100,Fairy,0.0,100.0
#0315,Roselia,Generation III,150,Fairy,50.0,50.0
#0171,Lanturn,Generation II,75,Water 2,50.0,50.0
#0305,Lairon,Generation III,90,Monster,50.0,50.0
#0424,Ambipom,Generation IV,45,Field,50.0,50.0
#0482,Azelf,Generation IV,3,No Eggs Discovered,0.0,0.0
#0733,Toucannon,Generation VII,45,Flying,50.0,50.0
#0564,Tirtouga,Generation V,45,Water 1,87.5,12.5
#0048,Venonat,Generation I,190,Bug,50.0,50.0
#0273,Seedot,Generation III,255,Field,50.0,50.0
#0783,Hakamo-o,Generation VII,45,Dragon,50.0,50.0
#0418,Buizel,Generation IV,190,Water 1,50.0,50.0
#0995,Iron Thorns,Generation IX,30,No Eggs Discovered,0.0,0.0
#0867,Runerigus,Generation VIII,90,Mineral,50.0,50.0
#0260,Swampert (Mega Swampert),Generation III,45,Monster,87.5,12.5
#0260,Swampert,Generation III,45,Monster,87.5,12.5
#0232,Donphan,Generation II,60,Field,50.0,50.0
#0333,Swablu,Generation III,255,Flying,50.0,50.0
#0489,Phione,Generation IV,30,Water 1,0.0,0.0
#1006,Iron Valiant,valiant/ On Smogon Pokédex,10,No Eggs Discovered,0.0,0.0
#0404,Luxio,Generation IV,120,Field,50.0,50.0
#0754,Lurantis,Generation VII,75,Grass,50.0,50.0
#0944,Shroodle,Generation IX,190,Field,50.0,50.0
#0446,Munchlax,Generation IV,50,No Eggs Discovered,87.5,12.5
#0843,Silicobra,Generation VIII,255,Field,50.0,50.0
#0372,Shelgon,Generation III,45,Dragon,50.0,50.0
#0793,Nihilego,Generation VII,45,No Eggs Discovered,0.0,0.0
#0966,Revavroom,Generation IX,75,Mineral,50.0,50.0
#0536,Palpitoad,Generation V,120,Water 1,50.0,50.0
#0721,Volcanion,Generation VI,3,No Eggs Discovered,0.0,0.0
#0352,Kecleon,Generation III,200,Field,50.0,50.0
#0737,Charjabug,Generation VII,120,Bug,50.0,50.0
#0046,Paras,Generation I,190,Bug,50.0,50.0
#0962,Bombirdier,Generation IX,25,Flying,50.0,50.0
#0137,Porygon,Generation I,45,Mineral,0.0,0.0
#0449,Hippopotas (Male),Generation IV,140,Field,50.0,50.0
#0449,Hippopotas (Female),Generation IV,140,Field,50.0,50.0
#0467,Magmortar,Generation IV,30,Human-Like,75.0,25.0
#0116,Horsea,Generation I,225,Water 1,50.0,50.0
#0752,Araquanid,Generation VII,100,Water 1,50.0,50.0
#0629,Vullaby,Generation V,190,Flying,0.0,100.0
#0617,Accelgor,Generation V,75,Bug,50.0,50.0
#0873,Frosmoth,Generation VIII,75,Bug,50.0,50.0
#0444,Gabite,Generation IV,45,Monster,50.0,50.0
#0889,Zamazenta (Hero of Many Battles),Generation VIII,10,No Eggs Discovered,0.0,0.0
#0889,Zamazenta (Crowned Shield),Generation VIII,10,No Eggs Discovered,0.0,0.0
#0332,Cacturne,Generation III,60,Grass,50.0,50.0
#0816,Sobble,Generation VIII,45,Water 1,87.5,12.5
#0886,Drakloak,Generation VIII,45,Amorphous,50.0,50.0
#0644,Zekrom,Generation V,3,No Eggs Discovered,0.0,0.0
#0051,Dugtrio (Alolan Dugtrio),Generation I,50,Field,50.0,50.0
#0051,Dugtrio,Generation I,50,Field,50.0,50.0
#0010,Caterpie,Generation I,255,Bug,50.0,50.0
#0703,Carbink,Generation VI,60,Fairy,0.0,0.0
#0354,Banette (Mega Banette),Generation III,45,Amorphous,50.0,50.0
#0354,Banette,Generation III,45,Amorphous,50.0,50.0
#0767,Wimpod,Generation VII,90,Bug,50.0,50.0
#0441,Chatot,Generation IV,30,Flying,50.0,50.0
#0555,Darmanitan (Zen Mode),Generation V,60,Field,50.0,50.0
#0555,Darmanitan (Galarian Zen Mode),Generation V,60,Field,50.0,50.0
#0555,Darmanitan (Galarian Standard Mode),Generation V,60,Field,50.0,50.0
#0555,Darmanitan (Standard Mode),Generation V,60,Field,50.0,50.0
#0940,Wattrel,Generation IX,180,Water 1,50.0,50.0
#0584,Vanilluxe,Generation V,45,Mineral,50.0,50.0
#0215,Sneasel,Generation II,60,Field,50.0,50.0
#0215,Sneasel (Hisuian Sneasel),Generation II,60,Field,50.0,50.0
#0297,Hariyama,Generation III,200,Human-Like,75.0,25.0
#0785,Tapu Koko,Generation VII,3,No Eggs Discovered,0.0,0.0
#0012,Butterfree (Gigantamax Butterfree),Generation I,45,Bug,50.0,50.0
#0012,Butterfree,Generation I,45,Bug,50.0,50.0
#0474,Porygon-Z,Generation IV,30,Mineral,0.0,0.0
#0218,Slugma,Generation II,190,Amorphous,50.0,50.0
#0918,Spidops,Generation IX,120,Bug,50.0,50.0
#0465,Tangrowth,Generation IV,30,Grass,50.0,50.0
#0663,Talonflame,Generation VI,45,Flying,50.0,50.0
#0933,Naclstack,Generation IX,120,Mineral,50.0,50.0
#0326,Grumpig,Generation III,60,Field,50.0,50.0
#0495,Snivy,Generation V,45,Field,87.5,12.5
#0220,Swinub,Generation II,225,Field,50.0,50.0
#0331,Cacnea,Generation III,190,Grass,50.0,50.0
#0760,Bewear,Generation VII,70,Field,50.0,50.0
#0410,Shieldon,Generation IV,45,Monster,87.5,12.5
#0328,Trapinch,Generation III,255,Bug,50.0,50.0
#0264,Linoone (Galarian Linoone),Generation III,90,Field,50.0,50.0
#0264,Linoone,Generation III,90,Field,50.0,50.0
#0186,Politoed,Generation II,45,Water 1,50.0,50.0
#0888,Zacian (Crowned Sword),Generation VIII,10,No Eggs Discovered,0.0,0.0
#0888,Zacian (Hero of Many Battles),Generation VIII,10,No Eggs Discovered,0.0,0.0
#0503,Samurott,Generation V,45,Field,87.5,12.5
#0503,Samurott (Hisuian Samurott),Generation V,45,Field,87.5,12.5
#0057,Primeape,Generation I,75,Field,50.0,50.0
#0043,Oddish,Generation I,255,Grass,50.0,50.0
#0620,Mienshao,Generation V,45,Field,50.0,50.0
#0666,Vivillon,Generation VI,45,Bug,50.0,50.0
#0229,Houndoom,Generation II,45,Field,50.0,50.0
#0229,Houndoom (Mega Houndoom),Generation II,45,Field,50.0,50.0
#0373,Salamence,Generation III,45,Dragon,50.0,50.0
#0373,Salamence (Mega Salamence),Generation III,45,Dragon,50.0,50.0
#0649,Genesect (Shock Drive Genesect),Generation V,3,No Eggs Discovered,0.0,0.0
#0649,Genesect (Douse Drive Genesect),Generation V,3,No Eggs Discovered,0.0,0.0
#0649,Genesect,Generation V,3,No Eggs Discovered,0.0,0.0
#0649,Genesect (Burn Drive Genesect),Generation V,3,No Eggs Discovered,0.0,0.0
#0649,Genesect (Chill Drive Genesect),Generation V,3,No Eggs Discovered,0.0,0.0
#0262,Mightyena,Generation III,127,Field,50.0,50.0
#0570,Zorua,Generation V,75,Field,87.5,12.5
#0570,Zorua (Hisuian Zorua),Generation V,75,Field,87.5,12.5
#0753,Fomantis,Generation VII,190,Grass,50.0,50.0
#0694,Helioptile,Generation VI,190,Monster,50.0,50.0
#0642,Thundurus (Therian Forme),Generation V,3,No Eggs Discovered,100.0,0.0
#0642,Thundurus (Incarnate Forme),Generation V,3,No Eggs Discovered,100.0,0.0
#0759,Stufful,Generation VII,140,Field,50.0,50.0
#0658,Greninja (Ash-Greninja),Generation VI,45,Water 1,87.5,12.5
#0658,Greninja (Battle Bond Greninja & Ash-Greninja),Generation VI,45,Water 1,87.5,12.5
#0658,Greninja,Generation VI,45,Water 1,87.5,12.5
#0756,Shiinotic,Generation VII,75,Grass,50.0,50.0
#0668,Pyroar,Generation VI,65,Field,12.5,87.5
#0904,Overqwil,Generation VIII,45,Water 2,50.0,50.0
#0249,Lugia,Generation II,3,No Eggs Discovered,0.0,0.0
#0214,Heracross,Generation II,45,Bug,50.0,50.0
#0214,Heracross (Mega Heracross),Generation II,45,Bug,50.0,50.0
#0473,Mamoswine,Generation IV,50,Field,50.0,50.0
#0037,Vulpix,Generation I,190,Field,25.0,75.0
#0037,Vulpix (Alolan Vulpix),Generation I,190,Field,25.0,75.0
#0852,Clobbopus,Generation VIII,180,Water 1,50.0,50.0
#0005,Charmeleon,Generation I,45,Monster,87.5,12.5
#0544,Whirlipede,Generation V,120,Bug,50.0,50.0
#0334,Altaria (Mega Altaria),Generation III,45,Flying,50.0,50.0
#0334,Altaria,Generation III,45,Flying,50.0,50.0
#0475,Gallade (Mega Gallade),Generation IV,45,Human-Like,100.0,0.0
#0475,Gallade,Generation IV,45,Human-Like,100.0,0.0
#0452,Drapion,Generation IV,45,Bug,50.0,50.0
#0525,Boldore,Generation V,120,Mineral,50.0,50.0
#0650,Chespin,Generation VI,45,Field,87.5,12.5
#0875,Eiscue (Noice Face),Generation VIII,60,Water 1,50.0,50.0
#0875,Eiscue (Ice Face),Generation VIII,60,Water 1,50.0,50.0
#0909,Fuecoco,Generation IX,45,Field,87.5,12.5
#0761,Bounsweet,Generation VII,235,Grass,0.0,100.0
#0069,Bellsprout,Generation I,255,Grass,50.0,50.0
#0504,Patrat,Generation V,255,Field,50.0,50.0
#0813,Scorbunny,Generation VIII,45,Field,87.5,12.5
#0310,Manectric (Mega Manectric),Generation III,45,Field,50.0,50.0
#0310,Manectric,Generation III,45,Field,50.0,50.0
#0165,Ledyba,Generation II,255,Bug,50.0,50.0
#0139,Omastar,Generation I,45,Water 1,87.5,12.5
#0534,Conkeldurr,Generation V,45,Human-Like,75.0,25.0
#0713,Avalugg (Hisuian Avalugg),Generation VI,55,Monster,50.0,50.0
#0713,Avalugg,Generation VI,55,Monster,50.0,50.0
#0500,Emboar,Generation V,45,Field,87.5,12.5
#681,Aegislash (Shield Forme),Generation VI,45,Mineral,50.0,50.0
#681,Aegislash (Blade Forme),Generation VI,45,Mineral,50.0,50.0
#0774,Minior (Meteor Form),Generation VII,30,Mineral,0.0,0.0
#0774,Minior (Core),Generation VII,30,Mineral,0.0,0.0
#0789,Cosmog,Generation VII,45,No Eggs Discovered,0.0,0.0
#0662,Fletchinder,Generation VI,120,Flying,50.0,50.0
#0298,Azurill,Generation III,150,No Eggs Discovered,25.0,75.0
#1005,Roaring Moon,Generation IX,10,No Eggs Discovered,0.0,0.0
#0209,Snubbull,Generation II,190,Field,25.0,75.0
#0056,Mankey,Generation I,190,Field,50.0,50.0
#0256,Combusken,Generation III,45,Field,87.5,12.5
#0580,Ducklett,Generation V,190,Water 1,50.0,50.0
#1007,Koraidon (Apex Build),Generation IX,3,No Eggs Discovered,0.0,0.0
#0143,Snorlax,Generation I,25,Monster,87.5,12.5
#0143,Snorlax (Gigantamax Snorlax),Generation I,25,Monster,87.5,12.5
#0086,Seel,Generation I,190,Water 1,50.0,50.0
#0980,Clodsire,Generation IX,90,Water 1,50.0,50.0
#0008,Wartortle,Generation I,45,Monster,87.5,12.5
#0134,Vaporeon,Generation I,45,Field,87.5,12.5
#0505,Watchog,Generation V,255,Field,50.0,50.0
#0013,Weedle,Generation I,255,Bug,50.0,50.0
#0563,Cofagrigus,Generation V,90,Mineral,50.0,50.0
#0718,Zygarde (50% Forme),Generation VI,,No Eggs Discovered,0.0,0.0
#0718,Zygarde (Complete Forme),Generation VI,,No Eggs Discovered,0.0,0.0
#0718,"Zygarde (50%, 10%, & Complete Formes*)",Generation VI,,No Eggs Discovered,0.0,0.0
#0718,Zygarde (10% Forme),Generation VI,,No Eggs Discovered,0.0,0.0
#0272,Ludicolo,Generation III,45,Water 1,50.0,50.0
#0919,Nymble,Generation IX,190,Bug,50.0,50.0
#0477,Dusknoir,Generation IV,45,Amorphous,50.0,50.0
#0386,Deoxys (Speed Forme),Generation III,3,No Eggs Discovered,0.0,0.0
#0386,Deoxys (Defense Forme),Generation III,3,No Eggs Discovered,0.0,0.0
#0386,Deoxys (Attack Forme),Generation III,3,No Eggs Discovered,0.0,0.0
#0386,Deoxys (Normal Forme),Generation III,3,No Eggs Discovered,0.0,0.0
#0656,Froakie,Generation VI,45,Water 1,87.5,12.5
#0865,Sirfetch'd,Generation VIII,45,Flying,50.0,50.0
#0683,Aromatisse,Generation VI,140,Fairy,50.0,50.0
#0556,Maractus,Generation V,255,Grass,50.0,50.0
#0667,Litleo,Generation VI,220,Field,12.5,87.5
#0802,Marshadow,Generation VII,3,No Eggs Discovered,0.0,0.0
#0529,Drilbur,Generation V,120,Field,50.0,50.0
#0414,Mothim,Generation IV,45,Bug,100.0,0.0
#0283,Surskit,Generation III,200,Water 1,50.0,50.0
#0416,Vespiquen,Generation IV,45,Bug,0.0,100.0
#0914,Quaquaval,Generation IX,45,Flying,87.5,12.5
#0492,Shaymin (Land Forme),Generation IV,45,No Eggs Discovered,0.0,0.0
#0492,Shaymin (Sky Forme),Generation IV,45,No Eggs Discovered,0.0,0.0
#0850,Sizzlipede,Generation VIII,190,Bug,50.0,50.0
#0486,Regigigas,Generation IV,3,No Eggs Discovered,0.0,0.0
#0476,Probopass,Generation IV,60,Mineral,50.0,50.0
#0688,Binacle,Generation VI,120,Water 3,50.0,50.0
#0706,Goodra,Generation VI,45,Dragon,50.0,50.0
#0706,Goodra (Hisuian Goodra),Generation VI,45,Dragon,50.0,50.0
#0795,Pheromosa,Generation VII,45,No Eggs Discovered,0.0,0.0
#0530,Excadrill,Generation V,60,Field,50.0,50.0
#0481,Mesprit,Generation IV,3,No Eggs Discovered,0.0,0.0
#0808,Meltan,Generation VII,3,No Eggs Discovered,0.0,0.0
#0327,Spinda,Generation III,255,Field,50.0,50.0
#0948,Toedscool,Generation IX,190,Grass,50.0,50.0
#0782,Jangmo-o,Generation VII,45,Dragon,50.0,50.0
#0002,Ivysaur,Generation I,45,Monster,87.5,12.5
#0622,Golett,Generation V,190,Mineral,0.0,0.0
#0231,Phanpy,Generation II,120,Field,50.0,50.0
#0958,Tinkatuff,Generation IX,90,Fairy,0.0,100.0
#0312,Minun,Generation III,200,Fairy,50.0,50.0
#0161,Sentret,Generation II,255,Field,50.0,50.0
#0370,Luvdisc,Generation III,225,Water 2,25.0,75.0
#0485,Heatran,Generation IV,3,No Eggs Discovered,50.0,50.0
#0142,Aerodactyl,Generation I,45,Flying,87.5,12.5
#0142,Aerodactyl (Mega Aerodactyl),Generation I,45,Flying,87.5,12.5
#0213,Shuckle,Generation II,190,Bug,50.0,50.0
#0796,Xurkitree,Generation VII,45,No Eggs Discovered,0.0,0.0
#0941,Kilowattrel,Generation IX,90,Water 1,50.0,50.0
#0987,Flutter Mane,Generation IX,30,No Eggs Discovered,0.0,0.0
#0926,Fidough,Generation IX,190,Field,50.0,50.0
#0830,Eldegoss,Generation VIII,75,Grass,50.0,50.0
#0907,Floragato,Generation IX,45,Field,87.5,12.5
#0916,Oinkologne,Generation IX,100,Field,50.0,50.0
#0450,Hippowdon (Male),Generation IV,60,Field,50.0,50.0
#0450,Hippowdon (Female),Generation IV,60,Field,50.0,50.0
#0959,Tinkaton,Generation IX,45,Fairy,0.0,100.0
#0923,Pawmot,Generation IX,45,Field,50.0,50.0
#0103,Exeggutor (Alolan Exeggutor),Generation I,45,Grass,50.0,50.0
#0103,Exeggutor,Generation I,45,Grass,50.0,50.0
#0862,Obstagoon,Generation VIII,45,Field,50.0,50.0
#0226,Mantine,Generation II,25,Water 1,50.0,50.0
#0451,Skorupi,Generation IV,120,Bug,50.0,50.0
#0123,Scyther,Generation I,45,Bug,50.0,50.0
#0856,Hatenna,Generation VIII,235,Fairy,0.0,100.0
#0402,Kricketune,Generation IV,45,Bug,50.0,50.0
#0684,Swirlix,Generation VI,200,Fairy,50.0,50.0
#0894,Regieleki,Generation VIII,3,No Eggs Discovered,0.0,0.0
#0880,Dracozolt,Generation VIII,45,No Eggs Discovered,0.0,0.0
#0902,Basculegion,Generation VIII,45,Water 2,50.0,50.0
#0380,Latias (Mega Latias),Generation III,3,No Eggs Discovered,0.0,100.0
#0380,Latias,Generation III,3,No Eggs Discovered,0.0,100.0
#1000,Gholdengo,Generation IX,45,No Eggs Discovered,0.0,0.0
#0095,Onix,Generation I,45,Mineral,50.0,50.0
#0085,Dodrio,Generation I,45,Flying,50.0,50.0
#0276,Taillow,Generation III,200,Flying,50.0,50.0
#0510,Liepard,Generation V,90,Field,50.0,50.0
#0109,Koffing,Generation I,190,Amorphous,50.0,50.0
#0117,Seadra,Generation I,75,Water 1,50.0,50.0
#0866,Mr. Rime,Generation VIII,45,Human-Like,50.0,50.0
#0041,Zubat,Generation I,255,Flying,50.0,50.0
#0067,Machoke,Generation I,90,Human-Like,75.0,25.0
#0193,Yanma,Generation II,75,Bug,50.0,50.0
#0659,Bunnelby,Generation VI,255,Field,50.0,50.0
#0541,Swadloon,Generation V,120,Bug,50.0,50.0
#0235,Smeargle,Generation II,45,Field,50.0,50.0
#0302,Sableye,Generation III,45,Human-Like,50.0,50.0
#0302,Sableye (Mega Sableye),Generation III,45,Human-Like,50.0,50.0
#0542,Leavanny,Generation V,45,Bug,50.0,50.0
#0398,Staraptor,Generation IV,45,Flying,50.0,50.0
#0281,Kirlia,Generation III,120,Human-Like,50.0,50.0
#0521,Unfezant,Generation V,45,Flying,50.0,50.0
#0247,Pupitar,Generation II,45,Monster,50.0,50.0
#0565,Carracosta,Generation V,45,Water 1,87.5,12.5
#0679,Honedge,Generation VI,180,Mineral,50.0,50.0
#0870,Falinks,Generation VIII,45,Fairy,0.0,0.0
#0376,Metagross (Mega Metagross),Generation III,3,Mineral,0.0,0.0
#0376,Metagross,Generation III,3,Mineral,0.0,0.0
#0313,Volbeat,Generation III,150,Bug,100.0,0.0
#0147,Dratini,Generation I,45,Water 1,50.0,50.0
#0428,Lopunny (Mega Lopunny),Generation IV,60,Field,50.0,50.0
#0428,Lopunny,Generation IV,60,Field,50.0,50.0
#0993,Iron Jugulis,Generation IX,30,No Eggs Discovered,0.0,0.0
#0899,Wyrdeer,Generation VIII,45,Field,50.0,50.0
#0066,Machop,Generation I,180,Human-Like,75.0,25.0
#0709,Trevenant,Generation VI,60,Grass,50.0,50.0
#0708,Phantump,Generation VI,120,Grass,50.0,50.0
#0526,Gigalith,Generation V,45,Mineral,50.0,50.0
#0770,Palossand,Generation VII,60,Amorphous,50.0,50.0
#0593,Jellicent,Generation V,60,Amorphous,50.0,50.0
#0628,Braviary (Hisuian Braviary),Generation V,60,Flying,100.0,0.0
#0628,Braviary,Generation V,60,Flying,100.0,0.0
#0040,Wigglytuff,Generation I,50,Fairy,25.0,75.0
#0063,Abra,Generation I,200,Human-Like,75.0,25.0
#0274,Nuzleaf,Generation III,120,Field,50.0,50.0
#0406,Budew,Generation IV,255,No Eggs Discovered,50.0,50.0
#0552,Krokorok,Generation V,90,Field,50.0,50.0
#0423,Gastrodon,Generation IV,75,Water 1,50.0,50.0
#0309,Electrike,Generation III,120,Field,50.0,50.0
#0050,Diglett,Generation I,255,Field,50.0,50.0
#0050,Diglett (Alolan Diglett),Generation I,255,Field,50.0,50.0
#0931,Squawkabilly (Green Plumage),Generation IX,190,Flying,50.0,50.0
#0931,Squawkabilly (Blue Plumage),Generation IX,190,Flying,50.0,50.0
#0931,Squawkabilly (White Plumage),Generation IX,190,Flying,50.0,50.0
#0931,Squawkabilly (Yellow Plumage),Generation IX,190,Flying,50.0,50.0
#0301,Delcatty,Generation III,60,Field,25.0,75.0
#0001,Bulbasaur,Generation I,45,Monster,87.5,12.5
#0747,Mareanie,Generation VII,190,Water 1,50.0,50.0
#0335,Zangoose,Generation III,90,Field,50.0,50.0
#0385,Jirachi,Generation III,3,No Eggs Discovered,0.0,0.0
#0463,Lickilicky,Generation IV,30,Monster,50.0,50.0
#0096,Drowzee,Generation I,190,Human-Like,50.0,50.0
#0596,Galvantula,Generation V,75,Bug,50.0,50.0
#0881,Arctozolt,Generation VIII,45,No Eggs Discovered,0.0,0.0
#0946,Bramblin,Generation IX,190,Grass,50.0,50.0
#0074,Geodude,Generation I,255,Mineral,50.0,50.0
#0074,Geodude (Alolan Geodude),Generation I,255,Mineral,50.0,50.0
#0801,Magearna (Original Color Magearna),Generation VII,3,No Eggs Discovered,0.0,0.0
#0801,Magearna,Generation VII,3,No Eggs Discovered,0.0,0.0
#0833,Chewtle,Generation VIII,255,Monster,50.0,50.0
#0202,Wobbuffet,Generation II,45,Amorphous,50.0,50.0
#0179,Mareep,Generation II,235,Monster,50.0,50.0
#0187,Hoppip,Generation II,255,Fairy,50.0,50.0
#0947,Brambleghast,Generation IX,45,Grass,50.0,50.0
#0129,Magikarp,Generation I,255,Water 2,50.0,50.0
#0937,Ceruledge,Generation IX,25,Human-Like,50.0,50.0
#0950,Klawf,Generation IX,120,Water 3,50.0,50.0
#0538,Throh,Generation V,45,Human-Like,100.0,0.0
#0942,Maschiff,Generation IX,150,Field,50.0,50.0
#0141,Kabutops,Generation I,45,Water 1,87.5,12.5
#0287,Slakoth,Generation III,255,Field,50.0,50.0
#0055,Golduck,Generation I,75,Water 1,50.0,50.0
#0665,Spewpa,Generation VI,120,Bug,50.0,50.0
#0910,Crocalor,Generation IX,45,Field,87.5,12.5
#0967,Cyclizar,Generation IX,190,Field,50.0,50.0
#0163,Hoothoot,Generation II,255,Flying,50.0,50.0
#0836,Boltund,Generation VIII,45,Field,50.0,50.0
#0378,Regice,Generation III,3,No Eggs Discovered,0.0,0.0
#0058,Growlithe,Generation I,190,Field,75.0,25.0
#0058,Growlithe (Hisuian Growlithe),Generation I,190,Field,75.0,25.0
#0169,Crobat,Generation II,90,Flying,50.0,50.0
#0350,Milotic,Generation III,60,Water 1,50.0,50.0
#0054,Psyduck,Generation I,190,Water 1,50.0,50.0
#0401,Kricketot,Generation IV,255,Bug,50.0,50.0
#0568,Trubbish,Generation V,190,Mineral,50.0,50.0
#0645,Landorus (Therian Forme),Generation V,3,No Eggs Discovered,100.0,0.0
#0645,Landorus (Incarnate Forme),Generation V,3,No Eggs Discovered,100.0,0.0
#0917,Tarountula,Generation IX,255,Bug,50.0,50.0
#0089,Muk,Generation I,75,Amorphous,50.0,50.0
#0089,Muk (Alolan Muk),Generation I,75,Amorphous,50.0,50.0
#0128,Tauros (Paldean Tauros(Blaze Breed)),Generation I,45,Field,100.0,0.0
#0128,Tauros (Paldean Tauros(Aqua Breed)),Generation I,45,Field,100.0,0.0
#0128,Tauros (Paldean Tauros(Combat Breed)),Generation I,45,Field,100.0,0.0
#0128,Tauros,Generation I,45,Field,100.0,0.0
#0483,Dialga (Origin Forme),Generation IV,3,No Eggs Discovered,0.0,0.0
#0483,Dialga,Generation IV,3,No Eggs Discovered,0.0,0.0
#0252,Treecko,Generation III,45,Monster,87.5,12.5
#0349,Feebas,Generation III,255,Water 1,50.0,50.0
#0153,Bayleef,Generation II,45,Monster,87.5,12.5
#0660,Diggersby,Generation VI,127,Field,50.0,50.0
#0035,Clefairy,Generation I,150,Fairy,25.0,75.0
#0751,Dewpider,Generation VII,200,Water 1,50.0,50.0
#0781,Dhelmise,Generation VII,25,Mineral,0.0,0.0
#0104,Cubone,Generation I,190,Monster,50.0,50.0
#0625,Bisharp,Generation V,45,Human-Like,50.0,50.0
#0920,Lokix,Generation IX,30,Bug,50.0,50.0
#0032,Nidoran♂,Generation I,235,Monster,100.0,0.0
#0600,Klang,Generation V,60,Mineral,0.0,0.0
#0359,Absol (Mega Absol),Generation III,30,Field,50.0,50.0
#0359,Absol,Generation III,30,Field,50.0,50.0
#0459,Snover,Generation IV,120,Monster,50.0,50.0
#0983,Kingambit,Generation IX,25,Human-Like,50.0,50.0
#0627,Rufflet,Generation V,190,Flying,100.0,0.0
#0772,Type: Null,Generation VII,3,No Eggs Discovered,0.0,0.0
#0084,Doduo,Generation I,190,Flying,50.0,50.0
#0098,Krabby,Generation I,225,Water 3,50.0,50.0
#0029,Nidoran♀,Generation I,235,Monster,0.0,100.0
#0173,Cleffa,Generation II,150,No Eggs Discovered,25.0,75.0
#0499,Pignite,Generation V,45,Field,87.5,12.5
#0838,Carkol,Generation VIII,120,Mineral,50.0,50.0
#0998,Baxcalibur,Generation IX,10,Dragon,50.0,50.0
#0155,Cyndaquil,Generation II,45,Field,87.5,12.5
#0562,Yamask,Generation V,190,Mineral,50.0,50.0
#0562,Yamask (Galarian Yamask),Generation V,190,Mineral,50.0,50.0
#0840,Applin,Generation VIII,255,Grass,50.0,50.0
#0792,Lunala,Generation VII,45,No Eggs Discovered,0.0,0.0
#0014,Kakuna,Generation I,120,Bug,50.0,50.0
#0614,Beartic,Generation V,60,Field,50.0,50.0
#0788,Tapu Fini,Generation VII,3,No Eggs Discovered,0.0,0.0
#0307,Meditite,Generation III,180,Human-Like,50.0,50.0
#0821,Rookidee,Generation VIII,255,Flying,50.0,50.0
#0992,Iron Hands,Generation IX,50,No Eggs Discovered,0.0,0.0
#0393,Piplup,Generation IV,45,Water 1,87.5,12.5
#0219,Magcargo,Generation II,75,Amorphous,50.0,50.0
#0144,Articuno (Galarian Articuno),Generation I,3,No Eggs Discovered,0.0,0.0
#0144,Articuno,Generation I,3,No Eggs Discovered,0.0,0.0
#0742,Cutiefly,Generation VII,190,Bug,50.0,50.0
#0135,Jolteon,Generation I,45,Field,87.5,12.5
#0007,Squirtle,Generation I,45,Monster,87.5,12.5
#0453,Croagunk,Generation IV,140,Human-Like,50.0,50.0
#0559,Scraggy,Generation V,180,Field,50.0,50.0
#0758,Salazzle,Generation VII,45,Monster,0.0,100.0
#0118,Goldeen,Generation I,225,Water 2,50.0,50.0
#0829,Gossifleur,Generation VIII,190,Grass,50.0,50.0
#0599,Klink,Generation V,130,Mineral,0.0,0.0
#0394,Prinplup,Generation IV,45,Water 1,87.5,12.5
#0849,Toxtricity (Gigantamax Toxtricity),Generation VIII,45,Human-Like,50.0,50.0
#0849,Toxtricity (Amped Form),Generation VIII,45,Human-Like,50.0,50.0
#0849,Toxtricity (Low Key Form),Generation VIII,45,Human-Like,50.0,50.0
#0368,Gorebyss,Generation III,60,Water 1,50.0,50.0
#0223,Remoraid,Generation II,190,Water 1,50.0,50.0
#0637,Volcarona,Generation V,15,Bug,50.0,50.0
#0100,Voltorb (Hisuian Voltorb),Generation I,190,Mineral,0.0,0.0
#0100,Voltorb,Generation I,190,Mineral,0.0,0.0
#0039,Jigglypuff,Generation I,170,Fairy,25.0,75.0
#0868,Milcery,Generation VIII,200,Fairy,0.0,100.0
#0589,Escavalier,Generation V,75,Bug,50.0,50.0
#0872,Snom,Generation VIII,190,Bug,50.0,50.0
#0277,Swellow,Generation III,45,Flying,50.0,50.0
#0431,Glameow,Generation IV,190,Field,25.0,75.0
#0462,Magnezone,Generation IV,30,Mineral,0.0,0.0
#0885,Dreepy,Generation VIII,45,Amorphous,50.0,50.0
#0653,Fennekin,Generation VI,45,Field,87.5,12.5
#0180,Flaaffy,Generation II,120,Monster,50.0,50.0
#0566,Archen,Generation V,45,Flying,87.5,12.5
#0728,Popplio,Generation VII,45,Water 1,87.5,12.5
#0895,Regidrago,Generation VIII,3,No Eggs Discovered,0.0,0.0
#0686,Inkay,Generation VI,190,Water 1,50.0,50.0
#0027,Sandshrew (Alolan Sandshrew),Generation I,255,Field,50.0,50.0
#0027,Sandshrew,Generation I,255,Field,50.0,50.0
#0006,Charizard (Gigantamax Charizard),Generation I,45,Monster,87.5,12.5
#0006,Charizard (Mega Charizard Y),Generation I,45,Monster,87.5,12.5
#0006,Charizard,Generation I,45,Monster,87.5,12.5
#0006,Charizard (Mega Charizard X),Generation I,45,Monster,87.5,12.5
#0212,Scizor,Generation II,25,Bug,50.0,50.0
#0212,Scizor (Mega Scizor),Generation II,25,Bug,50.0,50.0
#0330,Flygon,Generation III,45,Bug,50.0,50.0
#0554,Darumaka,Generation V,120,Field,50.0,50.0
#0554,Darumaka (Galarian Darumaka),Generation V,120,Field,50.0,50.0
#0020,Raticate (Alolan Raticate),Generation I,127,Field,50.0,50.0
#0020,Raticate,Generation I,127,Field,50.0,50.0
#0497,Serperior,Generation V,45,Field,87.5,12.5
#0342,Crawdaunt,Generation III,155,Water 1,50.0,50.0
#0460,Abomasnow,Generation IV,60,Monster,50.0,50.0
#0460,Abomasnow (Mega Abomasnow),Generation IV,60,Monster,50.0,50.0
#0927,Dachsbun,Generation IX,90,Field,50.0,50.0
#0975,Cetitan,Generation IX,50,Field,50.0,50.0
#0677,Espurr,Generation VI,190,Field,50.0,50.0
#0905,Enamorus (Therian Forme),Generation VIII,3,No Eggs Discovered,0.0,100.0
#0905,Enamorus (Incarnate Forme),Generation VIII,3,No Eggs Discovered,0.0,100.0
#0107,Hitmonchan,Generation I,45,Human-Like,100.0,0.0
#0545,Scolipede,Generation V,45,Bug,50.0,50.0
#0803,Poipole,Generation VII,45,No Eggs Discovered,0.0,0.0
#0874,Stonjourner,Generation VIII,60,Mineral,50.0,50.0
#0159,Croconaw,Generation II,45,Monster,87.5,12.5
#0088,Grimer,Generation I,190,Amorphous,50.0,50.0
#0088,Grimer (Alolan Grimer),Generation I,190,Amorphous,50.0,50.0
#0346,Cradily,Generation III,45,Water 3,87.5,12.5
#0049,Venomoth,Generation I,75,Bug,50.0,50.0
#0442,Spiritomb,Generation IV,100,Amorphous,50.0,50.0
#0973,Flamigo,Generation IX,100,Flying,50.0,50.0
#0440,Happiny,Generation IV,130,No Eggs Discovered,0.0,100.0
#0805,Stakataka,Generation VII,30,No Eggs Discovered,0.0,0.0
#0535,Tympole,Generation V,255,Water 1,50.0,50.0
#0569,Garbodor (Gigantamax Garbodor),Generation V,60,Mineral,50.0,50.0
#0569,Garbodor,Generation V,60,Mineral,50.0,50.0
#0583,Vanillish,Generation V,120,Mineral,50.0,50.0
#0162,Furret,Generation II,90,Field,50.0,50.0
#0714,Noibat,Generation VI,190,Flying,50.0,50.0
#0493,Arceus,Generation IV,3,No Eggs Discovered,0.0,0.0
#0157,Typhlosion (Hisuian Typhlosion),Generation II,45,Field,87.5,12.5
#0157,Typhlosion,Generation II,45,Field,87.5,12.5
#0164,Noctowl,Generation II,90,Flying,50.0,50.0
#0949,Toedscruel,Generation IX,90,Grass,50.0,50.0
#0960,Wiglett,Generation IX,255,Water 3,50.0,50.0
#0433,Chingling,Generation IV,120,No Eggs Discovered,50.0,50.0
#0317,Swalot,Generation III,75,Amorphous,50.0,50.0
#0519,Pidove,Generation V,255,Flying,50.0,50.0
#0857,Hattrem,Generation VIII,120,Fairy,0.0,100.0
#0639,Terrakion,Generation V,3,No Eggs Discovered,0.0,0.0
#0457,Lumineon,Generation IV,75,Water 2,50.0,50.0
#0145,Zapdos,Generation I,3,No Eggs Discovered,0.0,0.0
#0145,Zapdos (Galarian Zapdos),Generation I,3,No Eggs Discovered,0.0,0.0
#0608,Lampent,Generation V,90,Amorphous,50.0,50.0
#0487,Giratina (Origin Forme),Generation IV,3,No Eggs Discovered,0.0,0.0
#0487,Giratina (Altered Forme),Generation IV,3,No Eggs Discovered,0.0,0.0
#0883,Arctovish,Generation VIII,45,No Eggs Discovered,0.0,0.0
#0925,Maushold (Family of Four),Generation IX,75,Field,0.0,0.0
#0925,Maushold (Family of Three),Generation IX,75,Field,0.0,0.0
#0634,Zweilous,Generation V,45,Dragon,50.0,50.0
#0871,Pincurchin,Generation VIII,75,Water 1,50.0,50.0
#0623,Golurk,Generation V,90,Mineral,0.0,0.0
#0185,Sudowoodo,Generation II,65,Mineral,50.0,50.0
#0913,Quaxwell,Generation IX,45,Flying,87.5,12.5
#0045,Vileplume,Generation I,45,Grass,50.0,50.0
#0900,Kleavor,Generation VIII,15,Bug,50.0,50.0
#0358,Chimecho,Generation III,45,Amorphous,50.0,50.0
#0611,Fraxure,Generation V,60,Monster,50.0,50.0
#0447,Riolu,Generation IV,75,No Eggs Discovered,87.5,12.5
#0412,Burmy (Sandy Cloak),Generation IV,120,Bug,50.0,50.0
#0412,Burmy (Trash Cloak),Generation IV,120,Bug,50.0,50.0
#0412,Burmy (Plant Cloak),Generation IV,120,Bug,50.0,50.0
#0034,Nidoking,Generation I,45,Monster,100.0,0.0
#0242,Blissey,Generation II,30,Fairy,0.0,100.0
#0238,Smoochum,Generation II,45,No Eggs Discovered,0.0,100.0
#0338,Solrock,Generation III,45,Mineral,0.0,0.0
#0470,Leafeon,Generation IV,45,Field,87.5,12.5
#0651,Quilladin,Generation VI,45,Field,87.5,12.5
#0251,Celebi,Generation II,45,No Eggs Discovered,0.0,0.0
#0502,Dewott,Generation V,45,Field,87.5,12.5
#0060,Poliwag,Generation I,255,Water 1,50.0,50.0
#0183,Marill,Generation II,190,Water 1,50.0,50.0
#0225,Delibird,Generation II,45,Water 1,50.0,50.0
#0533,Gurdurr,Generation V,90,Human-Like,75.0,25.0
#0591,Amoonguss,Generation V,75,Grass,50.0,50.0
#0687,Malamar,Generation VI,80,Water 1,50.0,50.0
#0711,Gourgeist (Average Size),Generation VI,60,Amorphous,50.0,50.0
#0711,Gourgeist (Super Size),Generation VI,60,Amorphous,50.0,50.0
#0711,Gourgeist (Small Size),Generation VI,60,Amorphous,50.0,50.0
#0711,Gourgeist (Large Size),Generation VI,60,Amorphous,50.0,50.0
#0797,Celesteela,Generation VII,45,No Eggs Discovered,0.0,0.0
#0472,Gliscor,Generation IV,30,Bug,50.0,50.0
#0400,Bibarel,Generation IV,127,Water 1,50.0,50.0
#0514,Simisear,Generation V,75,Field,87.5,12.5
#0986,Brute Bonnet,Generation IX,50,No Eggs Discovered,0.0,0.0
#0956,Espathra,Generation IX,60,Flying,50.0,50.0
#0434,Stunky,Generation IV,225,Field,50.0,50.0
#0016,Pidgey,Generation I,255,Flying,50.0,50.0
#0268,Cascoon,Generation III,120,Bug,50.0,50.0
#0682,Spritzee,Generation VI,200,Fairy,50.0,50.0
#0234,Stantler,Generation II,45,Field,50.0,50.0
#0723,Dartrix,Generation VII,45,Flying,87.5,12.5
#0146,Moltres,Generation I,3,No Eggs Discovered,0.0,0.0
#0146,Moltres (Galarian Moltres),Generation I,3,No Eggs Discovered,0.0,0.0
#0631,Heatmor,Generation V,90,Field,50.0,50.0
#0311,Plusle,Generation III,200,Fairy,50.0,50.0
#0768,Golisopod,Generation VII,45,Bug,50.0,50.0
#0028,Sandslash,Generation I,90,Field,50.0,50.0
#0028,Sandslash (Alolan Sandslash),Generation I,90,Field,50.0,50.0
#0818,Inteleon (Gigantamax Inteleon),Generation VIII,45,Water 1,87.5,12.5
#0818,Inteleon,Generation VIII,45,Water 1,87.5,12.5
#0294,Loudred,Generation III,120,Monster,50.0,50.0
#0303,Mawile (Mega Mawile),Generation III,45,Field,50.0,50.0
#0303,Mawile,Generation III,45,Field,50.0,50.0
#0854,Sinistea,Generation VIII,120,Mineral,0.0,0.0
#0716,Xerneas (Neutral Mode),Generation VI,45,No Eggs Discovered,0.0,0.0
#0716,Xerneas (Active Mode),Generation VI,45,No Eggs Discovered,0.0,0.0
#0108,Lickitung,Generation I,45,Monster,50.0,50.0
#0356,Dusclops,Generation III,90,Amorphous,50.0,50.0
#0111,Rhyhorn,Generation I,120,Monster,50.0,50.0
#0323,Camerupt,Generation III,150,Field,50.0,50.0
#0323,Camerupt (Mega Camerupt),Generation III,150,Field,50.0,50.0
#0550,Basculin (Red-Striped Form),Generation V,25,Water 2,50.0,50.0
#0550,Basculin (Blue-Striped Form),Generation V,25,Water 2,50.0,50.0
#0550,Basculin (White-Striped Form),Generation V,25,Water 2,50.0,50.0
#0638,Cobalion,Generation V,3,No Eggs Discovered,0.0,0.0
#0079,Slowpoke,Generation I,190,Monster,50.0,50.0
#0079,Slowpoke (Galarian Slowpoke),Generation I,190,Monster,50.0,50.0
#0130,Gyarados (Mega Gyarados),Generation I,45,Water 2,50.0,50.0
#0130,Gyarados,Generation I,45,Water 2,50.0,50.0
#0636,Larvesta,Generation V,45,Bug,50.0,50.0
#0678,Meowstic,Generation VI,75,Field,50.0,50.0
#0199,Slowking (Galarian Slowking),Generation II,70,Monster,50.0,50.0
#0199,Slowking,Generation II,70,Monster,50.0,50.0
#0099,Kingler,Generation I,60,Water 3,50.0,50.0
#0099,Kingler (Gigantamax Kingler),Generation I,60,Water 3,50.0,50.0
#0136,Flareon,Generation I,45,Field,87.5,12.5
#0160,Feraligatr,Generation II,45,Monster,87.5,12.5
#0454,Toxicroak,Generation IV,75,Human-Like,50.0,50.0
#0329,Vibrava,Generation III,120,Bug,50.0,50.0
#0586,Sawsbuck (Spring Form),Generation V,75,Field,50.0,50.0
#0586,Sawsbuck (Winter Form),Generation V,75,Field,50.0,50.0
#0586,Sawsbuck (Autumn Form),Generation V,75,Field,50.0,50.0
#0586,Sawsbuck (Summer Form),Generation V,75,Field,50.0,50.0
#0985,Scream Tail,Generation IX,50,No Eggs Discovered,0.0,0.0
#0588,Karrablast,Generation V,200,Bug,50.0,50.0
#0205,Forretress,Generation II,75,Bug,50.0,50.0
#0990,Iron Treads,Generation IX,30,No Eggs Discovered,0.0,0.0
#0126,Magmar,Generation I,45,Human-Like,75.0,25.0
#0271,Lombre,Generation III,120,Water 1,50.0,50.0
#0421,Cherrim (Sunshine Form),Generation IV,75,Fairy,50.0,50.0
#0421,Cherrim (Overcast Form),Generation IV,75,Fairy,50.0,50.0
#0015,Beedrill (Mega Beedrill),Generation I,45,Bug,50.0,50.0
#0015,Beedrill,Generation I,45,Bug,50.0,50.0
#0915,Lechonk,Generation IX,255,Field,50.0,50.0
#0680,Doublade,Generation VI,90,Mineral,50.0,50.0
#0076,Golem,Generation I,45,Mineral,50.0,50.0
#0076,Golem (Alolan Golem),Generation I,45,Mineral,50.0,50.0
#0152,Chikorita,Generation II,45,Monster,87.5,12.5
#0222,Corsola,Generation II,60,Water 1,25.0,75.0
#0222,Corsola (Galarian Corsola),Generation II,60,Water 1,25.0,75.0
#0382,Kyogre (Primal Kyogre),Generation III,3,No Eggs Discovered,0.0,0.0
#0382,Kyogre,Generation III,3,No Eggs Discovered,0.0,0.0
#0778,Mimikyu (Disguised Form),Generation VII,45,Amorphous,50.0,50.0
#0778,Mimikyu (Busted Form),Generation VII,45,Amorphous,50.0,50.0
#0357,Tropius,Generation III,200,Monster,50.0,50.0
#0609,Chandelure,Generation V,45,Amorphous,50.0,50.0
#0427,Buneary,Generation IV,190,Field,50.0,50.0
#0928,Smoliv,Generation IX,255,Grass,50.0,50.0
#0198,Murkrow,Generation II,30,Flying,50.0,50.0
#0094,Gengar (Gigantamax Gengar),Generation I,45,Amorphous,50.0,50.0
#0094,Gengar (Gengar Gen. III-VI),Generation I,45,Amorphous,50.0,50.0
#0094,Gengar (Mega Gengar),Generation I,45,Amorphous,50.0,50.0
#0094,Gengar,Generation I,45,Amorphous,50.0,50.0
#0081,Magnemite,Generation I,190,Mineral,0.0,0.0
#0776,Turtonator,Generation VII,70,Monster,50.0,50.0
#0017,Pidgeotto,Generation I,120,Flying,50.0,50.0
#0415,Combee,Generation IV,120,Bug,87.5,12.5
#0641,Tornadus (Therian Forme),Generation V,3,No Eggs Discovered,100.0,0.0
#0641,Tornadus (Incarnate Forme),Generation V,3,No Eggs Discovered,100.0,0.0
#0523,Zebstrika,Generation V,75,Field,50.0,50.0
#0624,Pawniard,Generation V,120,Human-Like,50.0,50.0
#0396,Starly,Generation IV,255,Flying,50.0,50.0
#0288,Vigoroth,Generation III,120,Field,50.0,50.0
#0355,Duskull,Generation III,190,Amorphous,50.0,50.0
#0023,Ekans,Generation I,255,Field,50.0,50.0
#0042,Golbat,Generation I,90,Flying,50.0,50.0
#0093,Haunter,Generation I,90,Amorphous,50.0,50.0
#0278,Wingull,Generation III,190,Water 1,50.0,50.0
#0561,Sigilyph,Generation V,45,Flying,50.0,50.0
#0594,Alomomola,Generation V,75,Water 1,50.0,50.0
#0250,Ho-Oh,Generation II,3,No Eggs Discovered,0.0,0.0
#0736,Grubbin,Generation VII,255,Bug,50.0,50.0
#0178,Xatu,Generation II,75,Flying,50.0,50.0
#0448,Lucario,Generation IV,45,Field,87.5,12.5
#0448,Lucario (Mega Lucario),Generation IV,45,Field,87.5,12.5
#0763,Tsareena,Generation VII,45,Grass,0.0,100.0
#0786,Tapu Lele,Generation VII,3,No Eggs Discovered,0.0,0.0
#0863,Perrserker,Generation VIII,90,Field,50.0,50.0
#0279,Pelipper,Generation III,45,Water 1,50.0,50.0
#0912,Quaxly,Generation IX,45,Flying,87.5,12.5
#0320,Wailmer,Generation III,125,Field,50.0,50.0
#0876,Indeedee,Generation VIII,30,Fairy,50.0,50.0
#0616,Shelmet,Generation V,200,Bug,50.0,50.0
#0891,Kubfu,Generation VIII,3,No Eggs Discovered,87.5,12.5
#0120,Staryu,Generation I,225,Water 3,0.0,0.0
#0906,Sprigatito,Generation IX,45,Field,87.5,12.5
#0405,Luxray,Generation IV,45,Field,50.0,50.0
#0468,Togekiss,Generation IV,30,Flying,87.5,12.5
#0228,Houndour,Generation II,120,Field,50.0,50.0
#0601,Klinklang,Generation V,30,Mineral,0.0,0.0
#0823,Corviknight,Generation VIII,45,Flying,50.0,50.0
#0823,Corviknight (Gigantamax Corviknight),Generation VIII,45,Flying,50.0,50.0
#0858,Hatterene (Gigantamax Hatterene),Generation VIII,45,Fairy,0.0,100.0
#0858,Hatterene,Generation VIII,45,Fairy,0.0,100.0
#0484,Palkia (Origin Forme),Generation IV,3,No Eggs Discovered,0.0,0.0
#0484,Palkia,Generation IV,3,No Eggs Discovered,0.0,0.0
#0176,Togetic,Generation II,75,Flying,87.5,12.5
#0360,Wynaut,Generation III,125,No Eggs Discovered,50.0,50.0
#0407,Roserade,Generation IV,75,Fairy,50.0,50.0
#0576,Gothitelle,Generation V,50,Human-Like,25.0,75.0
#0022,Fearow,Generation I,90,Flying,50.0,50.0
#0982,Dudunsparce (Three-Segment Form),Generation IX,45,Field,50.0,50.0
#0982,Dudunsparce (Two-Segment Form),Generation IX,45,Field,50.0,50.0
#0377,Regirock,Generation III,3,No Eggs Discovered,0.0,0.0
#0047,Parasect,Generation I,75,Bug,50.0,50.0
#0557,Dwebble,Generation V,190,Bug,50.0,50.0
#0961,Wugtrio,Generation IX,50,Water 3,50.0,50.0
#0263,Zigzagoon,Generation III,255,Field,50.0,50.0
#0263,Zigzagoon (Galarian Zigzagoon),Generation III,255,Field,50.0,50.0
#0494,Victini,Generation V,3,No Eggs Discovered,0.0,0.0
#0425,Drifloon,Generation IV,125,Amorphous,50.0,50.0
#0701,Hawlucha,Generation VI,100,Flying,50.0,50.0
#0430,Honchkrow,Generation IV,30,Flying,50.0,50.0
#0615,Cryogonal,Generation V,25,Mineral,0.0,0.0
#0932,Nacli,Generation IX,255,Mineral,50.0,50.0
#0815,Cinderace (Gigantamax Cinderace),Generation VIII,45,Field,87.5,12.5
#0815,Cinderace,Generation VIII,45,Field,87.5,12.5
#0943,Mabosstiff,Generation IX,75,Field,50.0,50.0
#0699,Aurorus,Generation VI,45,Monster,87.5,12.5
#0780,Drampa,Generation VII,70,Monster,50.0,50.0
#0673,Gogoat,Generation VI,45,Field,50.0,50.0
#0571,Zoroark,Generation V,45,Field,87.5,12.5
#0571,Zoroark (Hisuian Zoroark),Generation V,45,Field,87.5,12.5
#0389,Torterra,Generation IV,45,Monster,87.5,12.5
#0577,Solosis,Generation V,200,Amorphous,50.0,50.0
#0469,Yanmega,Generation IV,30,Bug,50.0,50.0
#0306,Aggron (Mega Aggron),Generation III,45,Monster,50.0,50.0
#0306,Aggron,Generation III,45,Monster,50.0,50.0
#0413,Wormadam (Sandy Cloak),Generation IV,45,Bug,0.0,100.0
#0413,Wormadam (Trash Cloak),Generation IV,45,Bug,0.0,100.0
#0413,Wormadam (Plant Cloak),Generation IV,45,Bug,0.0,100.0
#0316,Gulpin,Generation III,225,Amorphous,50.0,50.0
#0261,Poochyena,Generation III,255,Field,50.0,50.0
#0270,Lotad,Generation III,255,Water 1,50.0,50.0
#0884,Duraludon,Generation VIII,45,Mineral,50.0,50.0
#0884,Duraludon (Gigantamax Duraludon),Generation VIII,45,Mineral,50.0,50.0
#0953,Rellor,Generation IX,190,Bug,50.0,50.0
#0132,Ditto,Generation I,35,Ditto,0.0,0.0
#0265,Wurmple,Generation III,255,Bug,50.0,50.0
#0364,Sealeo,Generation III,120,Water 1,50.0,50.0
#0652,Chesnaught,Generation VI,45,Field,87.5,12.5
#0690,Skrelp,Generation VI,225,Water 1,50.0,50.0
#0322,Numel,Generation III,255,Field,50.0,50.0
#0957,Tinkatink,Generation IX,190,Fairy,0.0,100.0
#0174,Igglybuff,Generation II,170,No Eggs Discovered,25.0,75.0
#0341,Corphish,Generation III,205,Water 1,50.0,50.0
#0689,Barbaracle,Generation VI,45,Water 3,50.0,50.0
#0826,Orbeetle,Generation VIII,45,Bug,50.0,50.0
#0826,Orbeetle (Gigantamax Orbeetle),Generation VIII,45,Bug,50.0,50.0
#0343,Baltoy,Generation III,255,Mineral,0.0,0.0
#0860,Morgrem,Generation VIII,120,Fairy,100.0,0.0
#0607,Litwick,Generation V,190,Amorphous,50.0,50.0
#0200,Misdreavus,Generation II,45,Amorphous,50.0,50.0
#0383,Groudon,Generation III,3,No Eggs Discovered,0.0,0.0
#0383,Groudon (Primal Groudon),Generation III,3,No Eggs Discovered,0.0,0.0
#0715,Noivern,Generation VI,45,Flying,50.0,50.0
#0945,Grafaiai,Generation IX,90,Field,50.0,50.0
#0827,Nickit,Generation VIII,255,Field,50.0,50.0
#0030,Nidorina,Generation I,120,No Eggs Discovered,0.0,100.0
#0021,Spearow,Generation I,255,Flying,50.0,50.0
#0574,Gothita,Generation V,200,Human-Like,25.0,75.0
#0882,Dracovish,Generation VIII,45,No Eggs Discovered,0.0,0.0
#0318,Carvanha,Generation III,225,Water 2,50.0,50.0
#0258,Mudkip,Generation III,45,Monster,87.5,12.5
#0207,Gligar,Generation II,60,Bug,50.0,50.0
#0345,Lileep,Generation III,45,Water 3,87.5,12.5
#0648,Meloetta (Aria Forme),Generation V,3,No Eggs Discovered,0.0,0.0
#0648,Meloetta (Pirouette Forme),Generation V,3,No Eggs Discovered,0.0,0.0
#0587,Emolga,Generation V,200,Field,50.0,50.0
#0156,Quilava,Generation II,45,Field,87.5,12.5
#0131,Lapras,Generation I,45,Monster,50.0,50.0
#0131,Lapras (Gigantamax Lapras),Generation I,45,Monster,50.0,50.0
#0340,Whiscash,Generation III,75,Water 2,50.0,50.0
#0065,Alakazam,Generation I,50,Human-Like,75.0,25.0
#0065,Alakazam (Mega Alakazam),Generation I,50,Human-Like,75.0,25.0
#0031,Nidoqueen,Generation I,45,No Eggs Discovered,0.0,100.0
#0994,Iron Moth,Generation IX,30,No Eggs Discovered,0.0,0.0
#0762,Steenee,Generation VII,120,Grass,0.0,100.0
#0965,Varoom,Generation IX,190,Mineral,50.0,50.0
#0319,Sharpedo (Mega Sharpedo),Generation III,60,Water 2,50.0,50.0
#0319,Sharpedo,Generation III,60,Water 2,50.0,50.0
#0458,Mantyke,Generation IV,25,No Eggs Discovered,50.0,50.0
#0110,Weezing,Generation I,60,Amorphous,50.0,50.0
#0110,Weezing (Galarian Weezing),Generation I,60,Amorphous,50.0,50.0
#0693,Clawitzer,Generation VI,55,Water 1,50.0,50.0
#0800,Necrozma (Dawn Wings Necrozma),Generation VII,255,No Eggs Discovered,0.0,0.0
#0800,Necrozma (Dusk Mane Necrozma),Generation VII,255,No Eggs Discovered,0.0,0.0
#0800,Necrozma (Ultra Necrozma),Generation VII,255,No Eggs Discovered,0.0,0.0
#0800,Necrozma,Generation VII,255,No Eggs Discovered,0.0,0.0
#0158,Totodile,Generation II,45,Monster,87.5,12.5
#0539,Sawk,Generation V,45,Human-Like,100.0,0.0
#0290,Nincada,Generation III,255,Bug,50.0,50.0
#0517,Munna,Generation V,190,Field,50.0,50.0
#0515,Panpour,Generation V,190,Field,87.5,12.5
#0390,Chimchar,Generation IV,45,Field,87.5,12.5
#0984,Great Tusk,Generation IX,30,No Eggs Discovered,0.0,0.0
#0061,Poliwhirl,Generation I,120,Water 1,50.0,50.0
#0167,Spinarak,Generation II,255,Bug,50.0,50.0
#0374,Beldum,Generation III,3,Mineral,0.0,0.0
#0547,Whimsicott,Generation V,75,Grass,50.0,50.0
#0190,Aipom,Generation II,45,Field,50.0,50.0
#0842,Appletun (Gigantamax Appletun),Generation VIII,45,Grass,50.0,50.0
#0842,Appletun,Generation VIII,45,Grass,50.0,50.0
#0471,Glaceon,Generation IV,45,Field,87.5,12.5
#0336,Seviper,Generation III,90,Field,50.0,50.0
#0115,Kangaskhan (Mega Kangaskhan),Generation I,45,Monster,0.0,100.0
#0115,Kangaskhan,Generation I,45,Monster,0.0,100.0
#0151,Mew,Generation I,45,No Eggs Discovered,0.0,0.0
#0964,Palafin (Zero Form),Generation IX,45,Field,50.0,50.0
#0964,Palafin (Hero Form),Generation IX,45,Field,50.0,50.0
#0806,Blacephalon,Generation VII,30,No Eggs Discovered,0.0,0.0
#0194,Wooper,Generation II,255,Water 1,50.0,50.0
#0194,Wooper (Paldean Wooper),Generation II,255,Water 1,50.0,50.0
#0532,Timburr,Generation V,180,Human-Like,75.0,25.0
#0908,Meowscarada,Generation IX,45,Field,87.5,12.5
#0105,Marowak (Alolan Marowak),Generation I,75,Monster,50.0,50.0
#0105,Marowak,Generation I,75,Monster,50.0,50.0
#0595,Joltik,Generation V,190,Bug,50.0,50.0
#0344,Claydol,Generation III,90,Mineral,0.0,0.0
#0602,Tynamo,Generation V,190,Amorphous,50.0,50.0
#0598,Ferrothorn,Generation V,90,Grass,50.0,50.0
#0855,Polteageist,Generation VIII,60,Mineral,0.0,0.0
#0670,Floette (Red Flower),Generation VI,120,Fairy,0.0,100.0
#0670,Floette (White Flower),Generation VI,120,Fairy,0.0,100.0
#0670,Floette (Blue Flower),Generation VI,120,Fairy,0.0,100.0
#0670,Floette (Yellow Flower),Generation VI,120,Fairy,0.0,100.0
#0670,Floette (Orange Flower),Generation VI,120,Fairy,0.0,100.0
#0896,Glastrier,Generation VIII,3,No Eggs Discovered,0.0,0.0
#0480,Uxie,Generation IV,3,No Eggs Discovered,0.0,0.0
#0381,Latios,Generation III,3,No Eggs Discovered,100.0,0.0
#0381,Latios (Mega Latios),Generation III,3,No Eggs Discovered,100.0,0.0
#0924,Tandemaus,Generation IX,150,Field,0.0,0.0
#0479,Rotom (Fan Rotom),Generation IV,45,Amorphous,0.0,0.0
#0479,Rotom (Wash Rotom),Generation IV,45,Amorphous,0.0,0.0
#0479,Rotom (Frost Rotom),Generation IV,45,Amorphous,0.0,0.0
#0479,Rotom (Heat Rotom),Generation IV,45,Amorphous,0.0,0.0
#0479,Rotom,Generation IV,45,Amorphous,0.0,0.0
#0479,Rotom (Mow Rotom),Generation IV,45,Amorphous,0.0,0.0
#0632,Durant,Generation V,90,Bug,50.0,50.0
#0078,Rapidash (Galarian Rapidash),Generation I,60,Field,50.0,50.0
#0078,Rapidash,Generation I,60,Field,50.0,50.0
#0113,Chansey,Generation I,30,Fairy,0.0,100.0
#0877,Morpeko (Hangry Mode),Generation VIII,180,Field,50.0,50.0
#0877,Morpeko (Full Belly Mode),Generation VIII,180,Field,50.0,50.0
#0003,Venusaur (Gigantamax Venusaur),Generation I,45,Monster,87.5,12.5
#0003,Venusaur,Generation I,45,Monster,87.5,12.5
#0003,Venusaur (Mega Venusaur),Generation I,45,Monster,87.5,12.5
#0748,Toxapex,Generation VII,75,Water 1,50.0,50.0
#0606,Beheeyem,Generation V,90,Human-Like,50.0,50.0
#0712,Bergmite,Generation VI,190,Monster,50.0,50.0
#0351,Castform (Normal),Generation III,45,Fairy,50.0,50.0
#0351,Castform (Snowy Form),Generation III,45,Fairy,50.0,50.0
#0351,Castform (Rainy Form),Generation III,45,Fairy,50.0,50.0
#0351,Castform (Sunny Form),Generation III,45,Fairy,50.0,50.0
#0981,Farigiraf,Generation IX,45,Field,50.0,50.0
#0646,Kyurem (Black Kyurem),Generation V,3,No Eggs Discovered,0.0,0.0
#0646,Kyurem,Generation V,3,No Eggs Discovered,0.0,0.0
#0646,Kyurem (White Kyurem),Generation V,3,No Eggs Discovered,0.0,0.0
#0740,Crabominable,Generation VII,60,Water 3,50.0,50.0
#0286,Breloom,Generation III,90,Fairy,50.0,50.0
#0133,Eevee,Generation I,45,Field,87.5,12.5
#0133,Eevee (Gigantamax Eevee),Generation I,45,Field,87.5,12.5
#0133,Eevee (Partner Eevee),Generation I,45,Field,87.5,12.5
#0560,Scrafty,Generation V,90,Field,50.0,50.0
#0478,Froslass,Generation IV,75,Fairy,0.0,100.0
#0619,Mienfoo,Generation V,180,Field,50.0,50.0
#0731,Pikipek,Generation VII,255,Flying,50.0,50.0
#0112,Rhydon,Generation I,60,Monster,50.0,50.0
#0727,Incineroar,Generation VII,45,Field,87.5,12.5
#0787,Tapu Bulu,Generation VII,3,No Eggs Discovered,0.0,0.0
#0240,Magby,Generation II,45,No Eggs Discovered,75.0,25.0
#0150,Mewtwo (Mega Mewtwo X),Generation I,3,No Eggs Discovered,0.0,0.0
#0150,Mewtwo,Generation I,3,No Eggs Discovered,0.0,0.0
#0150,Mewtwo (Mega Mewtwo Y),Generation I,3,No Eggs Discovered,0.0,0.0
#0208,Steelix (Mega Steelix),Generation II,25,Mineral,50.0,50.0
#0208,Steelix,Generation II,25,Mineral,50.0,50.0
#0939,Bellibolt,Generation IX,50,Water 1,50.0,50.0
#0558,Crustle,Generation V,75,Bug,50.0,50.0
#0575,Gothorita,Generation V,100,Human-Like,25.0,75.0
#0901,Ursaluna,Generation VIII,20,Field,50.0,50.0
#0935,Charcadet,Generation IX,90,Human-Like,50.0,50.0
#0403,Shinx,Generation IV,235,Field,50.0,50.0
#0127,Pinsir,Generation I,45,Bug,50.0,50.0
#0127,Pinsir (Mega Pinsir),Generation I,45,Bug,50.0,50.0
#0371,Bagon,Generation III,45,Dragon,50.0,50.0
#0464,Rhyperior,Generation IV,30,Monster,50.0,50.0
#0498,Tepig,Generation V,45,Field,87.5,12.5
#0612,Haxorus,Generation V,45,Monster,50.0,50.0
#0717,Yveltal,Generation VI,45,No Eggs Discovered,0.0,0.0
#0033,Nidorino,Generation I,120,Monster,100.0,0.0
#0567,Archeops,Generation V,45,Flying,87.5,12.5
#0879,Copperajah (Gigantamax Copperajah),Generation VIII,90,Field,50.0,50.0
#0879,Copperajah,Generation VIII,90,Field,50.0,50.0
#0417,Pachirisu,Generation IV,200,Field,50.0,50.0
#0216,Teddiursa,Generation II,120,Field,50.0,50.0
#0579,Reuniclus,Generation V,50,Amorphous,50.0,50.0
#1002,Chien-Pao,Generation IX,6,No Eggs Discovered,0.0,0.0
#0779,Bruxish,Generation VII,80,Water 2,50.0,50.0
#0391,Monferno,Generation IV,45,Field,87.5,12.5
#0618,Stunfisk (Galarian Stunfisk),Generation V,75,Water 1,50.0,50.0
#0618,Stunfisk,Generation V,75,Water 1,50.0,50.0
#0621,Druddigon,Generation V,45,Dragon,50.0,50.0
#0643,Reshiram,Generation V,3,No Eggs Discovered,0.0,0.0
#0603,Eelektrik,Generation V,60,Amorphous,50.0,50.0
#0269,Dustox,Generation III,45,Bug,50.0,50.0
#0878,Cufant,Generation VIII,190,Field,50.0,50.0
#0700,Sylveon,Generation VI,45,Field,87.5,12.5
#0730,Primarina,Generation VII,45,Water 1,87.5,12.5
#0053,Persian (Alolan Persian),Generation I,90,Field,50.0,50.0
#0053,Persian,Generation I,90,Field,50.0,50.0
#0846,Arrokuda,Generation VIII,255,Water 2,50.0,50.0
#0516,Simipour,Generation V,75,Field,87.5,12.5
#0291,Ninjask,Generation III,120,Bug,50.0,50.0
#0361,Snorunt,Generation III,190,Fairy,50.0,50.0
#0379,Registeel,Generation III,3,No Eggs Discovered,0.0,0.0
#0531,Audino,Generation V,255,Fairy,50.0,50.0
#0531,Audino (Mega Audino),Generation V,255,Fairy,50.0,50.0
#0853,Grapploct,Generation VIII,45,Water 1,50.0,50.0
#0734,Yungoos,Generation VII,255,Field,50.0,50.0
#0070,Weepinbell,Generation I,120,Grass,50.0,50.0
#0149,Dragonite,Generation I,45,Water 1,50.0,50.0
#0362,Glalie,Generation III,75,Fairy,50.0,50.0
#0362,Glalie (Mega Glalie),Generation III,75,Fairy,50.0,50.0
#0804,Naganadel,Generation VII,45,No Eggs Discovered,0.0,0.0
#0227,Skarmory,Generation II,25,Flying,50.0,50.0
#0537,Seismitoad,Generation V,45,Water 1,50.0,50.0
#0859,Impidimp,Generation VIII,255,Fairy,100.0,0.0
#0739,Crabrawler,Generation VII,225,Water 3,50.0,50.0
#0630,Mandibuzz,Generation V,60,Flying,0.0,100.0
#0438,Bonsly,Generation IV,255,No Eggs Discovered,50.0,50.0
#0296,Makuhita,Generation III,180,Human-Like,75.0,25.0
#0004,Charmander,Generation I,45,Monster,87.5,12.5
#0812,Rillaboom (Gigantamax Rillaboom),Generation VIII,45,Field,87.5,12.5
#0812,Rillaboom,Generation VIII,45,Field,87.5,12.5
#0841,Flapple (Gigantamax Flapple),Generation VIII,45,Grass,50.0,50.0
#0841,Flapple,Generation VIII,45,Grass,50.0,50.0
#0971,Greavard,Generation IX,120,Field,50.0,50.0
#0671,Florges (Red Flower),Generation VI,45,Fairy,0.0,100.0
#0671,Florges (White Flower),Generation VI,45,Fairy,0.0,100.0
#0671,Florges (Blue Flower),Generation VI,45,Fairy,0.0,100.0
#0671,Florges (Yellow Flower),Generation VI,45,Fairy,0.0,100.0
#0671,Florges (Orange Flower),Generation VI,45,Fairy,0.0,100.0
#0585,Deerling (Spring Form),Generation V,190,Field,50.0,50.0
#0585,Deerling (Winter Form),Generation V,190,Field,50.0,50.0
#0585,Deerling (Autumn Form),Generation V,190,Field,50.0,50.0
#0585,Deerling (Summer Form),Generation V,190,Field,50.0,50.0
#0705,Sliggoo (Hisuian Sliggoo),Generation VI,45,Dragon,50.0,50.0
#0705,Sliggoo,Generation VI,45,Dragon,50.0,50.0
#0922,Pawmo,Generation IX,80,Field,50.0,50.0
#0062,Poliwrath,Generation I,45,Water 1,50.0,50.0
#0581,Swanna,Generation V,45,Water 1,50.0,50.0
#0864,Cursola,Generation VIII,30,Water 1,25.0,75.0
#0426,Drifblim,Generation IV,60,Amorphous,50.0,50.0
#0726,Torracat,Generation VII,45,Field,87.5,12.5
#0073,Tentacruel,Generation I,60,Water 3,50.0,50.0
#0420,Cherubi,Generation IV,190,Fairy,50.0,50.0
#0725,Litten,Generation VII,45,Field,87.5,12.5
#0437,Bronzong,Generation IV,90,Mineral,0.0,0.0
#0732,Trumbeak,Generation VII,120,Flying,50.0,50.0
#0246,Larvitar,Generation II,45,Monster,50.0,50.0
#0233,Porygon2,Generation II,45,Mineral,0.0,0.0
#0819,Skwovet,Generation VIII,255,Field,50.0,50.0
#0091,Cloyster,Generation I,60,Water 3,50.0,50.0
#0197,Umbreon,Generation II,45,Field,87.5,12.5
#0365,Walrein,Generation III,45,Water 1,50.0,50.0
#0817,Drizzile,Generation VIII,45,Water 1,87.5,12.5
#0436,Bronzor,Generation IV,255,Mineral,0.0,0.0
#0075,Graveler (Alolan Graveler),Generation I,120,Mineral,50.0,50.0
#0075,Graveler,Generation I,120,Mineral,50.0,50.0
#0154,Meganium,Generation II,45,Monster,87.5,12.5
#0166,Ledian,Generation II,90,Bug,50.0,50.0
#0735,Gumshoos,Generation VII,127,Field,50.0,50.0
#0775,Komala,Generation VII,45,Field,50.0,50.0
#0285,Shroomish,Generation III,255,Fairy,50.0,50.0
#0184,Azumarill,Generation II,75,Water 1,50.0,50.0
#0691,Dragalge,Generation VI,55,Water 1,50.0,50.0
#0140,Kabuto,Generation I,45,Water 1,87.5,12.5
#0201,Unown ( Psychic ),Generation II,225,No Eggs Discovered,0.0,0.0
#0757,Salandit,Generation VII,120,Monster,87.5,12.5
#0210,Granbull,Generation II,75,Field,25.0,75.0
#0930,Arboliva,Generation IX,45,Grass,50.0,50.0
#0121,Starmie,Generation I,60,Water 3,0.0,0.0
#0188,Skiploom,Generation II,120,Fairy,50.0,50.0
#0832,Dubwool,Generation VIII,127,Field,50.0,50.0
#0090,Shellder,Generation I,190,Water 3,50.0,50.0
#0520,Tranquill,Generation V,120,Flying,50.0,50.0
#0963,Finizen,Generation IX,200,Field,50.0,50.0
#0848,Toxel,Generation VIII,75,No Eggs Discovered,50.0,50.0
#0435,Skuntank,Generation IV,60,Field,50.0,50.0
#0640,Virizion,Generation V,3,No Eggs Discovered,0.0,0.0
#0548,Petilil,Generation V,190,Grass,0.0,100.0
#0388,Grotle,Generation IV,45,Monster,87.5,12.5
#0102,Exeggcute,Generation I,90,Grass,50.0,50.0
#0738,Vikavolt,Generation VII,45,Bug,50.0,50.0
#0831,Wooloo,Generation VIII,255,Field,50.0,50.0
#0952,Scovillain,Generation IX,75,Grass,50.0,50.0
#0087,Dewgong,Generation I,75,Water 1,50.0,50.0
#0522,Blitzle,Generation V,190,Field,50.0,50.0
#0284,Masquerain,Generation III,75,Water 1,50.0,50.0
#0124,Jynx,Generation I,45,Human-Like,0.0,100.0
#0784,Kommo-o,Generation VII,45,Dragon,50.0,50.0
#0203,Girafarig,Generation II,60,Field,50.0,50.0
#0092,Gastly,Generation I,190,Amorphous,50.0,50.0
#0674,Pancham,Generation VI,220,Field,50.0,50.0
#1004,Chi-Yu,Generation IX,6,No Eggs Discovered,0.0,0.0
#0811,Thwackey,Generation VIII,45,Field,87.5,12.5
#0384,Rayquaza,Generation III,45,No Eggs Discovered,0.0,0.0
#0384,Rayquaza (Mega Rayquaza),Generation III,45,No Eggs Discovered,0.0,0.0
#0114,Tangela,Generation I,45,Grass,50.0,50.0
#0077,Ponyta,Generation I,190,Field,50.0,50.0
#0077,Ponyta (Galarian Ponyta),Generation I,190,Field,50.0,50.0
#0654,Braixen,Generation VI,45,Field,87.5,12.5
#0237,Hitmontop,Generation II,45,Human-Like,100.0,0.0
#0543,Venipede,Generation V,255,Bug,50.0,50.0
#0397,Staravia,Generation IV,120,Flying,50.0,50.0
#0255,Torchic,Generation III,45,Field,87.5,12.5
#0672,Skiddo,Generation VI,200,Field,50.0,50.0
#0524,Roggenrola,Generation V,255,Mineral,50.0,50.0
#0749,Mudbray,Generation VII,190,Field,50.0,50.0
#0125,Electabuzz,Generation I,45,Human-Like,75.0,25.0
#0746,Wishiwashi (Solo Form),Generation VII,60,Water 2,50.0,50.0
#0746,Wishiwashi (School Form),Generation VII,60,Water 2,50.0,50.0
#0773,Silvally,Generation VII,3,No Eggs Discovered,0.0,0.0
#0724,Decidueye,Generation VII,45,Flying,87.5,12.5
#0724,Decidueye (Hisuian Decidueye),Generation VII,45,Flying,87.5,12.5
#0799,Guzzlord,Generation VII,45,No Eggs Discovered,0.0,0.0
#0692,Clauncher,Generation VI,225,Water 1,50.0,50.0
#0861,Grimmsnarl,Generation VIII,45,Fairy,100.0,0.0
#0861,Grimmsnarl (Gigantamax Grimmsnarl),Generation VIII,45,Fairy,100.0,0.0
#0508,Stoutland,Generation V,45,Field,50.0,50.0
#0325,Spoink,Generation III,255,Field,50.0,50.0
#0911,Skeledirge,Generation IX,45,Field,87.5,12.5
#0308,Medicham,Generation III,90,Human-Like,50.0,50.0
#0308,Medicham (Mega Medicham),Generation III,90,Human-Like,50.0,50.0
#0996,Frigibax,Generation IX,45,Dragon,50.0,50.0
#0204,Pineco,Generation II,190,Bug,50.0,50.0
#0578,Duosion,Generation V,100,Amorphous,50.0,50.0
#0828,Thievul,Generation VIII,127,Field,50.0,50.0
#0224,Octillery,Generation II,75,Water 1,50.0,50.0
#0661,Fletchling,Generation VI,255,Flying,50.0,50.0
#0702,Dedenne,Generation VI,180,Field,50.0,50.0
#0798,Kartana,Generation VII,45,No Eggs Discovered,0.0,0.0
#0244,Entei,Generation II,3,No Eggs Discovered,0.0,0.0
#0347,Anorith,Generation III,45,Water 3,87.5,12.5
#0181,Ampharos,Generation II,45,Monster,50.0,50.0
#0181,Ampharos (Mega Ampharos),Generation II,45,Monster,50.0,50.0
#0582,Vanillite,Generation V,255,Mineral,50.0,50.0
#0613,Cubchoo,Generation V,120,Field,50.0,50.0
#0719,Diancie (Mega Diancie),Generation VI,3,No Eggs Discovered,0.0,0.0
#0719,Diancie,Generation VI,3,No Eggs Discovered,0.0,0.0
#0148,Dragonair,Generation I,45,Water 1,50.0,50.0
#0825,Dottler,Generation VIII,120,Bug,50.0,50.0
#0239,Elekid,Generation II,45,No Eggs Discovered,75.0,25.0
#0655,Delphox,Generation VI,45,Field,87.5,12.5
#0729,Brionne,Generation VII,45,Water 1,87.5,12.5
#0755,Morelull,Generation VII,190,Grass,50.0,50.0
#0769,Sandygast,Generation VII,140,Amorphous,50.0,50.0
#0445,Garchomp,Generation IV,45,Monster,50.0,50.0
#0445,Garchomp (Mega Garchomp),Generation IV,45,Monster,50.0,50.0
#0551,Sandile,Generation V,180,Field,50.0,50.0
#0513,Pansear,Generation V,190,Field,87.5,12.5
#0507,Herdier,Generation V,120,Field,50.0,50.0
#0791,Solgaleo,Generation VII,45,No Eggs Discovered,0.0,0.0
#0528,Swoobat,Generation V,45,Field,50.0,50.0
#0771,Pyukumuku,Generation VII,60,Water 1,50.0,50.0
#0511,Pansage,Generation V,190,Field,87.5,12.5
#0794,Buzzwole,Generation VII,45,No Eggs Discovered,0.0,0.0
#0461,Weavile,Generation IV,45,Field,50.0,50.0
#0675,Pangoro,Generation VI,65,Field,50.0,50.0
#0257,Blaziken,Generation III,45,Field,87.5,12.5
#0257,Blaziken (Mega Blaziken),Generation III,45,Field,87.5,12.5
#0834,Drednaw (Gigantamax Drednaw),Generation VIII,75,Monster,50.0,50.0
#0834,Drednaw,Generation VIII,75,Monster,50.0,50.0
#0657,Frogadier,Generation VI,45,Water 1,87.5,12.5
#0954,Rabsca,Generation IX,45,Bug,50.0,50.0
#0138,Omanyte,Generation I,45,Water 1,87.5,12.5
#0720,Hoopa (Hoopa Unbound),Generation VI,3,No Eggs Discovered,0.0,0.0
#0720,Hoopa (Hoopa Confined),Generation VI,3,No Eggs Discovered,0.0,0.0
#1008,Miraidon (Ultimate Mode),Generation IX,3,No Eggs Discovered,0.0,0.0
#0626,Bouffalant,Generation V,45,Field,50.0,50.0
#0610,Axew,Generation V,75,Monster,50.0,50.0
#0408,Cranidos,Generation IV,45,Monster,87.5,12.5
#0019,Rattata,Generation I,255,Field,50.0,50.0
#0019,Rattata (Alolan Rattata),Generation I,255,Field,50.0,50.0
#0704,Goomy,Generation VI,45,Dragon,50.0,50.0
#0177,Natu,Generation II,190,Flying,50.0,50.0
#0764,Comfey,Generation VII,60,Grass,25.0,75.0
#0304,Aron,Generation III,180,Monster,50.0,50.0
#0698,Amaura,Generation VI,45,Monster,87.5,12.5
#0422,Shellos,Generation IV,190,Water 1,50.0,50.0
#0572,Minccino,Generation V,255,Field,25.0,75.0
#0903,Sneasler,Generation VIII,20,Field,50.0,50.0
#0590,Foongus,Generation V,190,Grass,50.0,50.0
#0348,Armaldo,Generation III,45,Water 3,87.5,12.5
#0363,Spheal,Generation III,255,Water 1,50.0,50.0
