"Id","EvolutionChainId","EvolvedPokedexNumber","EvolvedFromPokedexNumber","EvolutionTrigger","TriggerItem","MinLevel","Gender","Location","HeldItem","TimeOfDay","KnownMoveId","KnownMoveType","MinHappiness","MinBeauty","MinAffection","RelativePhysicalStats","PartyPokedexNumber","PartyType","TradePokedexNumber","NeedsOverworldRain","TurnUpsideDown"
1,1,2,1,"Level Up","",16,"","0","","",0,"",0,0,0,"",0,"",0,False,False
2,1,3,2,"Level Up","",32,"","0","","",0,"",0,0,0,"",0,"",0,False,False
3,2,5,4,"Level Up","",16,"","0","","",0,"",0,0,0,"",0,"",0,False,False
4,2,6,5,"Level Up","",36,"","0","","",0,"",0,0,0,"",0,"",0,False,False
5,3,8,7,"Level Up","",16,"","0","","",0,"",0,0,0,"",0,"",0,False,False
6,3,9,8,"Level Up","",36,"","0","","",0,"",0,0,0,"",0,"",0,False,False
7,4,11,10,"Level Up","",7,"","0","","",0,"",0,0,0,"",0,"",0,False,False
8,4,12,11,"Level Up","",10,"","0","","",0,"",0,0,0,"",0,"",0,False,False
9,5,14,13,"Level Up","",7,"","0","","",0,"",0,0,0,"",0,"",0,False,False
10,5,15,14,"Level Up","",10,"","0","","",0,"",0,0,0,"",0,"",0,False,False
11,6,17,16,"Level Up","",18,"","0","","",0,"",0,0,0,"",0,"",0,False,False
12,6,18,17,"Level Up","",36,"","0","","",0,"",0,0,0,"",0,"",0,False,False
13,7,20,19,"Level Up","",20,"","0","","",0,"",0,0,0,"",0,"",0,False,False
14,8,22,21,"Level Up","",20,"","0","","",0,"",0,0,0,"",0,"",0,False,False
15,9,24,23,"Level Up","",22,"","0","","",0,"",0,0,0,"",0,"",0,False,False
16,10,25,172,"Level Up","",0,"","0","","",0,"",160,0,0,"",0,"",0,False,False
17,10,26,25,"Use Item","thunder-stone",0,"","0","","",0,"",0,0,0,"",0,"",0,False,False
18,11,28,27,"Level Up","",22,"","0","","",0,"",0,0,0,"",0,"",0,False,False
19,12,30,29,"Level Up","",16,"","0","","",0,"",0,0,0,"",0,"",0,False,False
20,12,31,30,"Use Item","moon-stone",0,"","0","","",0,"",0,0,0,"",0,"",0,False,False
21,13,33,32,"Level Up","",16,"","0","","",0,"",0,0,0,"",0,"",0,False,False
22,13,34,33,"Use Item","moon-stone",0,"","0","","",0,"",0,0,0,"",0,"",0,False,False
23,14,35,173,"Level Up","",0,"","0","","",0,"",160,0,0,"",0,"",0,False,False
24,14,36,35,"Use Item","moon-stone",0,"","0","","",0,"",0,0,0,"",0,"",0,False,False
25,15,38,37,"Use Item","fire-stone",0,"","0","","",0,"",0,0,0,"",0,"",0,False,False
26,16,39,174,"Level Up","",0,"","0","","",0,"",160,0,0,"",0,"",0,False,False
27,16,40,39,"Use Item","moon-stone",0,"","0","","",0,"",0,0,0,"",0,"",0,False,False
28,17,42,41,"Level Up","",22,"","0","","",0,"",0,0,0,"",0,"",0,False,False
29,18,44,43,"Level Up","",21,"","0","","",0,"",0,0,0,"",0,"",0,False,False
30,18,45,44,"Use Item","leaf-stone",0,"","0","","",0,"",0,0,0,"",0,"",0,False,False
31,19,47,46,"Level Up","",24,"","0","","",0,"",0,0,0,"",0,"",0,False,False
32,20,49,48,"Level Up","",31,"","0","","",0,"",0,0,0,"",0,"",0,False,False
33,21,51,50,"Level Up","",26,"","0","","",0,"",0,0,0,"",0,"",0,False,False
34,22,53,52,"Level Up","",28,"","0","","",0,"",0,0,0,"",0,"",0,False,False
35,23,55,54,"Level Up","",33,"","0","","",0,"",0,0,0,"",0,"",0,False,False
36,24,57,56,"Level Up","",28,"","0","","",0,"",0,0,0,"",0,"",0,False,False
37,25,59,58,"Use Item","fire-stone",0,"","0","","",0,"",0,0,0,"",0,"",0,False,False
38,26,61,60,"Level Up","",25,"","0","","",0,"",0,0,0,"",0,"",0,False,False
39,26,62,61,"Use Item","water-stone",0,"","0","","",0,"",0,0,0,"",0,"",0,False,False
40,27,64,63,"Level Up","",16,"","0","","",0,"",0,0,0,"",0,"",0,False,False
41,27,65,64,"Trade","",0,"","0","","",0,"",0,0,0,"",0,"",0,False,False
42,28,67,66,"Level Up","",28,"","0","","",0,"",0,0,0,"",0,"",0,False,False
43,28,68,67,"Trade","",0,"","0","","",0,"",0,0,0,"",0,"",0,False,False
44,29,70,69,"Level Up","",21,"","0","","",0,"",0,0,0,"",0,"",0,False,False
45,29,71,70,"Use Item","leaf-stone",0,"","0","","",0,"",0,0,0,"",0,"",0,False,False
46,30,73,72,"Level Up","",30,"","0","","",0,"",0,0,0,"",0,"",0,False,False
47,31,75,74,"Level Up","",25,"","0","","",0,"",0,0,0,"",0,"",0,False,False
48,31,76,75,"Trade","",0,"","0","","",0,"",0,0,0,"",0,"",0,False,False
49,32,78,77,"Level Up","",40,"","0","","",0,"",0,0,0,"",0,"",0,False,False
50,33,80,79,"Level Up","",37,"","0","","",0,"",0,0,0,"",0,"",0,False,False
51,34,82,81,"Level Up","",30,"","0","","",0,"",0,0,0,"",0,"",0,False,False
52,36,85,84,"Level Up","",31,"","0","","",0,"",0,0,0,"",0,"",0,False,False
53,37,87,86,"Level Up","",34,"","0","","",0,"",0,0,0,"",0,"",0,False,False
54,38,89,88,"Level Up","",38,"","0","","",0,"",0,0,0,"",0,"",0,False,False
55,39,91,90,"Use Item","water-stone",0,"","0","","",0,"",0,0,0,"",0,"",0,False,False
56,40,93,92,"Level Up","",25,"","0","","",0,"",0,0,0,"",0,"",0,False,False
57,40,94,93,"Trade","",0,"","0","","",0,"",0,0,0,"",0,"",0,False,False
58,42,97,96,"Level Up","",26,"","0","","",0,"",0,0,0,"",0,"",0,False,False
59,43,99,98,"Level Up","",28,"","0","","",0,"",0,0,0,"",0,"",0,False,False
60,44,101,100,"Level Up","",30,"","0","","",0,"",0,0,0,"",0,"",0,False,False
61,45,103,102,"Use Item","leaf-stone",0,"","0","","",0,"",0,0,0,"",0,"",0,False,False
62,46,105,104,"Level Up","",28,"","0","","",0,"",0,0,0,"",0,"",0,False,False
63,47,106,236,"Level Up","",20,"","0","","",0,"",0,0,0,"attack",0,"",0,False,False
64,47,107,236,"Level Up","",20,"","0","","",0,"",0,0,0,"defense",0,"",0,False,False
65,49,110,109,"Level Up","",35,"","0","","",0,"",0,0,0,"",0,"",0,False,False
66,50,112,111,"Level Up","",42,"","0","","",0,"",0,0,0,"",0,"",0,False,False
67,51,113,440,"Level Up","",0,"","0","oval-stone","day",0,"",0,0,0,"",0,"",0,False,False
68,54,117,116,"Level Up","",32,"","0","","",0,"",0,0,0,"",0,"",0,False,False
69,55,119,118,"Level Up","",33,"","0","","",0,"",0,0,0,"",0,"",0,False,False
70,56,121,120,"Use Item","water-stone",0,"","0","","",0,"",0,0,0,"",0,"",0,False,False
71,57,122,439,"Level Up","",0,"","0","","",102,"",0,0,0,"",0,"",0,False,False
72,59,124,238,"Level Up","",30,"","0","","",0,"",0,0,0,"",0,"",0,False,False
73,60,125,239,"Level Up","",30,"","0","","",0,"",0,0,0,"",0,"",0,False,False
74,61,126,240,"Level Up","",30,"","0","","",0,"",0,0,0,"",0,"",0,False,False
75,64,130,129,"Level Up","",20,"","0","","",0,"",0,0,0,"",0,"",0,False,False
76,67,134,133,"Use Item","water-stone",0,"","0","","",0,"",0,0,0,"",0,"",0,False,False
77,67,135,133,"Use Item","thunder-stone",0,"","0","","",0,"",0,0,0,"",0,"",0,False,False
78,67,136,133,"Use Item","fire-stone",0,"","0","","",0,"",0,0,0,"",0,"",0,False,False
79,69,139,138,"Level Up","",40,"","0","","",0,"",0,0,0,"",0,"",0,False,False
80,70,141,140,"Level Up","",40,"","0","","",0,"",0,0,0,"",0,"",0,False,False
81,72,143,446,"Level Up","",0,"","0","","",0,"",160,0,0,"",0,"",0,False,False
82,76,148,147,"Level Up","",30,"","0","","",0,"",0,0,0,"",0,"",0,False,False
83,76,149,148,"Level Up","",55,"","0","","",0,"",0,0,0,"",0,"",0,False,False
84,79,153,152,"Level Up","",16,"","0","","",0,"",0,0,0,"",0,"",0,False,False
85,79,154,153,"Level Up","",32,"","0","","",0,"",0,0,0,"",0,"",0,False,False
86,80,156,155,"Level Up","",14,"","0","","",0,"",0,0,0,"",0,"",0,False,False
87,80,157,156,"Level Up","",36,"","0","","",0,"",0,0,0,"",0,"",0,False,False
88,81,159,158,"Level Up","",18,"","0","","",0,"",0,0,0,"",0,"",0,False,False
89,81,160,159,"Level Up","",30,"","0","","",0,"",0,0,0,"",0,"",0,False,False
90,82,162,161,"Level Up","",15,"","0","","",0,"",0,0,0,"",0,"",0,False,False
91,83,164,163,"Level Up","",20,"","0","","",0,"",0,0,0,"",0,"",0,False,False
92,84,166,165,"Level Up","",18,"","0","","",0,"",0,0,0,"",0,"",0,False,False
93,85,168,167,"Level Up","",22,"","0","","",0,"",0,0,0,"",0,"",0,False,False
94,17,169,42,"Level Up","",0,"","0","","",0,"",160,0,0,"",0,"",0,False,False
95,86,171,170,"Level Up","",27,"","0","","",0,"",0,0,0,"",0,"",0,False,False
96,87,176,175,"Level Up","",0,"","0","","",0,"",160,0,0,"",0,"",0,False,False
97,88,178,177,"Level Up","",25,"","0","","",0,"",0,0,0,"",0,"",0,False,False
98,89,180,179,"Level Up","",15,"","0","","",0,"",0,0,0,"",0,"",0,False,False
99,89,181,180,"Level Up","",30,"","0","","",0,"",0,0,0,"",0,"",0,False,False
100,18,182,44,"Use Item","sun-stone",0,"","0","","",0,"",0,0,0,"",0,"",0,False,False
101,90,183,298,"Level Up","",0,"","0","","",0,"",160,0,0,"",0,"",0,False,False
102,90,184,183,"Level Up","",18,"","0","","",0,"",0,0,0,"",0,"",0,False,False
103,91,185,438,"Level Up","",0,"","0","","",102,"",0,0,0,"",0,"",0,False,False
104,26,186,61,"Trade","",0,"","0","kings-rock","",0,"",0,0,0,"",0,"",0,False,False
105,92,188,187,"Level Up","",18,"","0","","",0,"",0,0,0,"",0,"",0,False,False
106,92,189,188,"Level Up","",27,"","0","","",0,"",0,0,0,"",0,"",0,False,False
107,94,192,191,"Use Item","sun-stone",0,"","0","","",0,"",0,0,0,"",0,"",0,False,False
108,96,195,194,"Level Up","",20,"","0","","",0,"",0,0,0,"",0,"",0,False,False
109,67,196,133,"Level Up","",0,"","0","","day",0,"",160,0,0,"",0,"",0,False,False
110,67,197,133,"Level Up","",0,"","0","","night",0,"",160,0,0,"",0,"",0,False,False
111,33,199,79,"Trade","",0,"","0","kings-rock","",0,"",0,0,0,"",0,"",0,False,False
112,100,202,360,"Level Up","",15,"","0","","",0,"",0,0,0,"",0,"",0,False,False
113,102,205,204,"Level Up","",31,"","0","","",0,"",0,0,0,"",0,"",0,False,False
114,41,208,95,"Trade","",0,"","0","metal-coat","",0,"",0,0,0,"",0,"",0,False,False
115,105,210,209,"Level Up","",23,"","0","","",0,"",0,0,0,"",0,"",0,False,False
116,58,212,123,"Trade","",0,"","0","metal-coat","",0,"",0,0,0,"",0,"",0,False,False
117,110,217,216,"Level Up","",30,"","0","","",0,"",0,0,0,"",0,"",0,False,False
118,111,219,218,"Level Up","",38,"","0","","",0,"",0,0,0,"",0,"",0,False,False
119,112,221,220,"Level Up","",33,"","0","","",0,"",0,0,0,"",0,"",0,False,False
120,114,224,223,"Level Up","",25,"","0","","",0,"",0,0,0,"",0,"",0,False,False
121,116,226,458,"Level Up","",0,"","0","","",0,"",0,0,0,"",223,"",0,False,False
122,118,229,228,"Level Up","",24,"","0","","",0,"",0,0,0,"",0,"",0,False,False
123,54,230,117,"Trade","",0,"","0","dragon-scale","",0,"",0,0,0,"",0,"",0,False,False
124,119,232,231,"Level Up","",25,"","0","","",0,"",0,0,0,"",0,"",0,False,False
125,68,233,137,"Trade","",0,"","0","up-grade","",0,"",0,0,0,"",0,"",0,False,False
126,47,237,236,"Level Up","",20,"","0","","",0,"",0,0,0,"equal",0,"",0,False,False
127,51,242,113,"Level Up","",0,"","0","","",0,"",160,0,0,"",0,"",0,False,False
128,126,247,246,"Level Up","",30,"","0","","",0,"",0,0,0,"",0,"",0,False,False
129,126,248,247,"Level Up","",55,"","0","","",0,"",0,0,0,"",0,"",0,False,False
130,130,253,252,"Level Up","",16,"","0","","",0,"",0,0,0,"",0,"",0,False,False
131,130,254,253,"Level Up","",36,"","0","","",0,"",0,0,0,"",0,"",0,False,False
132,131,256,255,"Level Up","",16,"","0","","",0,"",0,0,0,"",0,"",0,False,False
133,131,257,256,"Level Up","",36,"","0","","",0,"",0,0,0,"",0,"",0,False,False
134,132,259,258,"Level Up","",16,"","0","","",0,"",0,0,0,"",0,"",0,False,False
135,132,260,259,"Level Up","",36,"","0","","",0,"",0,0,0,"",0,"",0,False,False
136,133,262,261,"Level Up","",18,"","0","","",0,"",0,0,0,"",0,"",0,False,False
137,134,264,263,"Level Up","",20,"","0","","",0,"",0,0,0,"",0,"",0,False,False
138,135,266,265,"Level Up","",7,"","0","","",0,"",0,0,0,"",0,"",0,False,False
139,135,267,266,"Level Up","",10,"","0","","",0,"",0,0,0,"",0,"",0,False,False
140,135,268,265,"Level Up","",7,"","0","","",0,"",0,0,0,"",0,"",0,False,False
141,135,269,268,"Level Up","",10,"","0","","",0,"",0,0,0,"",0,"",0,False,False
142,136,271,270,"Level Up","",14,"","0","","",0,"",0,0,0,"",0,"",0,False,False
143,136,272,271,"Use Item","water-stone",0,"","0","","",0,"",0,0,0,"",0,"",0,False,False
144,137,274,273,"Level Up","",14,"","0","","",0,"",0,0,0,"",0,"",0,False,False
145,137,275,274,"Use Item","leaf-stone",0,"","0","","",0,"",0,0,0,"",0,"",0,False,False
146,138,277,276,"Level Up","",22,"","0","","",0,"",0,0,0,"",0,"",0,False,False
147,139,279,278,"Level Up","",25,"","0","","",0,"",0,0,0,"",0,"",0,False,False
148,140,281,280,"Level Up","",20,"","0","","",0,"",0,0,0,"",0,"",0,False,False
149,140,282,281,"Level Up","",30,"","0","","",0,"",0,0,0,"",0,"",0,False,False
150,141,284,283,"Level Up","",22,"","0","","",0,"",0,0,0,"",0,"",0,False,False
151,142,286,285,"Level Up","",23,"","0","","",0,"",0,0,0,"",0,"",0,False,False
152,143,288,287,"Level Up","",18,"","0","","",0,"",0,0,0,"",0,"",0,False,False
153,143,289,288,"Level Up","",36,"","0","","",0,"",0,0,0,"",0,"",0,False,False
154,144,291,290,"Level Up","",20,"","0","","",0,"",0,0,0,"",0,"",0,False,False
155,144,292,290,"Shed","",0,"","0","","",0,"",0,0,0,"",0,"",0,False,False
156,145,294,293,"Level Up","",20,"","0","","",0,"",0,0,0,"",0,"",0,False,False
157,145,295,294,"Level Up","",40,"","0","","",0,"",0,0,0,"",0,"",0,False,False
158,146,297,296,"Level Up","",24,"","0","","",0,"",0,0,0,"",0,"",0,False,False
159,148,301,300,"Use Item","moon-stone",0,"","0","","",0,"",0,0,0,"",0,"",0,False,False
160,151,305,304,"Level Up","",32,"","0","","",0,"",0,0,0,"",0,"",0,False,False
161,151,306,305,"Level Up","",42,"","0","","",0,"",0,0,0,"",0,"",0,False,False
162,152,308,307,"Level Up","",37,"","0","","",0,"",0,0,0,"",0,"",0,False,False
163,153,310,309,"Level Up","",26,"","0","","",0,"",0,0,0,"",0,"",0,False,False
164,158,315,406,"Level Up","",0,"","0","","day",0,"",160,0,0,"",0,"",0,False,False
165,159,317,316,"Level Up","",26,"","0","","",0,"",0,0,0,"",0,"",0,False,False
166,160,319,318,"Level Up","",30,"","0","","",0,"",0,0,0,"",0,"",0,False,False
167,161,321,320,"Level Up","",40,"","0","","",0,"",0,0,0,"",0,"",0,False,False
168,162,323,322,"Level Up","",33,"","0","","",0,"",0,0,0,"",0,"",0,False,False
169,164,326,325,"Level Up","",32,"","0","","",0,"",0,0,0,"",0,"",0,False,False
170,166,329,328,"Level Up","",35,"","0","","",0,"",0,0,0,"",0,"",0,False,False
171,166,330,329,"Level Up","",45,"","0","","",0,"",0,0,0,"",0,"",0,False,False
172,167,332,331,"Level Up","",32,"","0","","",0,"",0,0,0,"",0,"",0,False,False
173,168,334,333,"Level Up","",35,"","0","","",0,"",0,0,0,"",0,"",0,False,False
174,173,340,339,"Level Up","",30,"","0","","",0,"",0,0,0,"",0,"",0,False,False
175,174,342,341,"Level Up","",30,"","0","","",0,"",0,0,0,"",0,"",0,False,False
176,175,344,343,"Level Up","",36,"","0","","",0,"",0,0,0,"",0,"",0,False,False
177,176,346,345,"Level Up","",40,"","0","","",0,"",0,0,0,"",0,"",0,False,False
178,177,348,347,"Level Up","",40,"","0","","",0,"",0,0,0,"",0,"",0,False,False
179,178,350,349,"Level Up","",0,"","0","","",0,"",0,171,0,"",0,"",0,False,False
180,181,354,353,"Level Up","",37,"","0","","",0,"",0,0,0,"",0,"",0,False,False
181,182,356,355,"Level Up","",37,"","0","","",0,"",0,0,0,"",0,"",0,False,False
182,184,358,433,"Level Up","",0,"","0","","night",0,"",220,0,0,"",0,"",0,False,False
183,186,362,361,"Level Up","",42,"","0","","",0,"",0,0,0,"",0,"",0,False,False
184,187,364,363,"Level Up","",32,"","0","","",0,"",0,0,0,"",0,"",0,False,False
185,187,365,364,"Level Up","",44,"","0","","",0,"",0,0,0,"",0,"",0,False,False
186,188,367,366,"Trade","",0,"","0","deep-sea-tooth","",0,"",0,0,0,"",0,"",0,False,False
187,188,368,366,"Trade","",0,"","0","deep-sea-scale","",0,"",0,0,0,"",0,"",0,False,False
188,191,372,371,"Level Up","",30,"","0","","",0,"",0,0,0,"",0,"",0,False,False
189,191,373,372,"Level Up","",50,"","0","","",0,"",0,0,0,"",0,"",0,False,False
190,192,375,374,"Level Up","",20,"","0","","",0,"",0,0,0,"",0,"",0,False,False
191,192,376,375,"Level Up","",45,"","0","","",0,"",0,0,0,"",0,"",0,False,False
192,203,388,387,"Level Up","",18,"","0","","",0,"",0,0,0,"",0,"",0,False,False
193,203,389,388,"Level Up","",32,"","0","","",0,"",0,0,0,"",0,"",0,False,False
194,204,391,390,"Level Up","",14,"","0","","",0,"",0,0,0,"",0,"",0,False,False
195,204,392,391,"Level Up","",36,"","0","","",0,"",0,0,0,"",0,"",0,False,False
196,205,394,393,"Level Up","",16,"","0","","",0,"",0,0,0,"",0,"",0,False,False
197,205,395,394,"Level Up","",36,"","0","","",0,"",0,0,0,"",0,"",0,False,False
198,206,397,396,"Level Up","",14,"","0","","",0,"",0,0,0,"",0,"",0,False,False
199,206,398,397,"Level Up","",34,"","0","","",0,"",0,0,0,"",0,"",0,False,False
200,207,400,399,"Level Up","",15,"","0","","",0,"",0,0,0,"",0,"",0,False,False
201,208,402,401,"Level Up","",10,"","0","","",0,"",0,0,0,"",0,"",0,False,False
202,209,404,403,"Level Up","",15,"","0","","",0,"",0,0,0,"",0,"",0,False,False
203,209,405,404,"Level Up","",30,"","0","","",0,"",0,0,0,"",0,"",0,False,False
204,158,407,315,"Use Item","shiny-stone",0,"","0","","",0,"",0,0,0,"",0,"",0,False,False
205,211,409,408,"Level Up","",30,"","0","","",0,"",0,0,0,"",0,"",0,False,False
206,212,411,410,"Level Up","",30,"","0","","",0,"",0,0,0,"",0,"",0,False,False
207,213,413,412,"Level Up","",20,"female","0","","",0,"",0,0,0,"",0,"",0,False,False
208,213,414,412,"Level Up","",20,"male","0","","",0,"",0,0,0,"",0,"",0,False,False
209,214,416,415,"Level Up","",21,"female","0","","",0,"",0,0,0,"",0,"",0,False,False
210,216,419,418,"Level Up","",26,"","0","","",0,"",0,0,0,"",0,"",0,False,False
211,217,421,420,"Level Up","",25,"","0","","",0,"",0,0,0,"",0,"",0,False,False
212,218,423,422,"Level Up","",30,"","0","","",0,"",0,0,0,"",0,"",0,False,False
213,93,424,190,"Level Up","",0,"","0","","",458,"",0,0,0,"",0,"",0,False,False
214,219,426,425,"Level Up","",28,"","0","","",0,"",0,0,0,"",0,"",0,False,False
215,220,428,427,"Level Up","",0,"","0","","",0,"",160,0,0,"",0,"",0,False,False
216,98,429,200,"Use Item","dusk-stone",0,"","0","","",0,"",0,0,0,"",0,"",0,False,False
217,97,430,198,"Use Item","dusk-stone",0,"","0","","",0,"",0,0,0,"",0,"",0,False,False
218,221,432,431,"Level Up","",38,"","0","","",0,"",0,0,0,"",0,"",0,False,False
219,223,435,434,"Level Up","",34,"","0","","",0,"",0,0,0,"",0,"",0,False,False
220,224,437,436,"Level Up","",33,"","0","","",0,"",0,0,0,"",0,"",0,False,False
221,230,444,443,"Level Up","",24,"","0","","",0,"",0,0,0,"",0,"",0,False,False
222,230,445,444,"Level Up","",48,"","0","","",0,"",0,0,0,"",0,"",0,False,False
223,232,448,447,"Level Up","",0,"","0","","day",0,"",160,0,0,"",0,"",0,False,False
224,233,450,449,"Level Up","",34,"","0","","",0,"",0,0,0,"",0,"",0,False,False
225,234,452,451,"Level Up","",40,"","0","","",0,"",0,0,0,"",0,"",0,False,False
226,235,454,453,"Level Up","",37,"","0","","",0,"",0,0,0,"",0,"",0,False,False
227,237,457,456,"Level Up","",31,"","0","","",0,"",0,0,0,"",0,"",0,False,False
228,239,460,459,"Level Up","",40,"","0","","",0,"",0,0,0,"",0,"",0,False,False
229,109,461,215,"Level Up","",0,"","0","razor-claw","night",0,"",0,0,0,"",0,"",0,False,False
230,34,462,82,"Level Up","",0,"","10","","",0,"",0,0,0,"",0,"",0,False,False
231,48,463,108,"Level Up","",0,"","0","","",205,"",0,0,0,"",0,"",0,False,False
232,50,464,112,"Trade","",0,"","0","protector","",0,"",0,0,0,"",0,"",0,False,False
233,52,465,114,"Level Up","",0,"","0","","",246,"",0,0,0,"",0,"",0,False,False
234,60,466,125,"Trade","",0,"","0","electirizer","",0,"",0,0,0,"",0,"",0,False,False
235,61,467,126,"Trade","",0,"","0","magmarizer","",0,"",0,0,0,"",0,"",0,False,False
236,87,468,176,"Use Item","shiny-stone",0,"","0","","",0,"",0,0,0,"",0,"",0,False,False
237,95,469,193,"Level Up","",0,"","0","","",246,"",0,0,0,"",0,"",0,False,False
238,67,470,133,"Level Up","",0,"","8","","",0,"",0,0,0,"",0,"",0,False,False
239,67,471,133,"Level Up","",0,"","48","","",0,"",0,0,0,"",0,"",0,False,False
240,104,472,207,"Level Up","",0,"","0","razor-fang","night",0,"",0,0,0,"",0,"",0,False,False
241,112,473,221,"Level Up","",0,"","0","","",246,"",0,0,0,"",0,"",0,False,False
242,68,474,233,"Trade","",0,"","0","dubious-disc","",0,"",0,0,0,"",0,"",0,False,False
243,140,475,281,"Use Item","dawn-stone",0,"male","0","","",0,"",0,0,0,"",0,"",0,False,False
244,147,476,299,"Level Up","",0,"","10","","",0,"",0,0,0,"",0,"",0,False,False
245,182,477,356,"Trade","",0,"","0","reaper-cloth","",0,"",0,0,0,"",0,"",0,False,False
246,186,478,361,"Use Item","dawn-stone",0,"female","0","","",0,"",0,0,0,"",0,"",0,False,False
247,256,496,495,"Level Up","",17,"","0","","",0,"",0,0,0,"",0,"",0,False,False
248,256,497,496,"Level Up","",36,"","0","","",0,"",0,0,0,"",0,"",0,False,False
249,257,499,498,"Level Up","",17,"","0","","",0,"",0,0,0,"",0,"",0,False,False
250,257,500,499,"Level Up","",36,"","0","","",0,"",0,0,0,"",0,"",0,False,False
251,258,502,501,"Level Up","",17,"","0","","",0,"",0,0,0,"",0,"",0,False,False
252,258,503,502,"Level Up","",36,"","0","","",0,"",0,0,0,"",0,"",0,False,False
253,259,505,504,"Level Up","",20,"","0","","",0,"",0,0,0,"",0,"",0,False,False
254,260,507,506,"Level Up","",16,"","0","","",0,"",0,0,0,"",0,"",0,False,False
255,260,508,507,"Level Up","",32,"","0","","",0,"",0,0,0,"",0,"",0,False,False
256,261,510,509,"Level Up","",20,"","0","","",0,"",0,0,0,"",0,"",0,False,False
257,262,512,511,"Use Item","leaf-stone",0,"","0","","",0,"",0,0,0,"",0,"",0,False,False
258,263,514,513,"Use Item","fire-stone",0,"","0","","",0,"",0,0,0,"",0,"",0,False,False
259,264,516,515,"Use Item","water-stone",0,"","0","","",0,"",0,0,0,"",0,"",0,False,False
260,265,518,517,"Use Item","moon-stone",0,"","0","","",0,"",0,0,0,"",0,"",0,False,False
261,266,520,519,"Level Up","",21,"","0","","",0,"",0,0,0,"",0,"",0,False,False
262,266,521,520,"Level Up","",32,"","0","","",0,"",0,0,0,"",0,"",0,False,False
263,267,523,522,"Level Up","",27,"","0","","",0,"",0,0,0,"",0,"",0,False,False
264,268,525,524,"Level Up","",25,"","0","","",0,"",0,0,0,"",0,"",0,False,False
265,268,526,525,"Trade","",0,"","0","","",0,"",0,0,0,"",0,"",0,False,False
266,269,528,527,"Level Up","",0,"","0","","",0,"",160,0,0,"",0,"",0,False,False
267,270,530,529,"Level Up","",31,"","0","","",0,"",0,0,0,"",0,"",0,False,False
268,272,533,532,"Level Up","",25,"","0","","",0,"",0,0,0,"",0,"",0,False,False
269,272,534,533,"Trade","",0,"","0","","",0,"",0,0,0,"",0,"",0,False,False
270,273,536,535,"Level Up","",25,"","0","","",0,"",0,0,0,"",0,"",0,False,False
271,273,537,536,"Level Up","",36,"","0","","",0,"",0,0,0,"",0,"",0,False,False
272,276,541,540,"Level Up","",20,"","0","","",0,"",0,0,0,"",0,"",0,False,False
273,276,542,541,"Level Up","",0,"","0","","",0,"",220,0,0,"",0,"",0,False,False
274,277,544,543,"Level Up","",22,"","0","","",0,"",0,0,0,"",0,"",0,False,False
275,277,545,544,"Level Up","",30,"","0","","",0,"",0,0,0,"",0,"",0,False,False
276,278,547,546,"Use Item","sun-stone",0,"","0","","",0,"",0,0,0,"",0,"",0,False,False
277,279,549,548,"Use Item","sun-stone",0,"","0","","",0,"",0,0,0,"",0,"",0,False,False
278,281,552,551,"Level Up","",29,"","0","","",0,"",0,0,0,"",0,"",0,False,False
279,281,553,552,"Level Up","",40,"","0","","",0,"",0,0,0,"",0,"",0,False,False
280,282,555,554,"Level Up","",35,"","0","","",0,"",0,0,0,"",0,"",0,False,False
281,284,558,557,"Level Up","",34,"","0","","",0,"",0,0,0,"",0,"",0,False,False
282,285,560,559,"Level Up","",39,"","0","","",0,"",0,0,0,"",0,"",0,False,False
283,287,563,562,"Level Up","",34,"","0","","",0,"",0,0,0,"",0,"",0,False,False
284,288,565,564,"Level Up","",37,"","0","","",0,"",0,0,0,"",0,"",0,False,False
285,289,567,566,"Level Up","",37,"","0","","",0,"",0,0,0,"",0,"",0,False,False
286,290,569,568,"Level Up","",36,"","0","","",0,"",0,0,0,"",0,"",0,False,False
287,291,571,570,"Level Up","",30,"","0","","",0,"",0,0,0,"",0,"",0,False,False
288,292,573,572,"Use Item","shiny-stone",0,"","0","","",0,"",0,0,0,"",0,"",0,False,False
289,293,575,574,"Level Up","",32,"","0","","",0,"",0,0,0,"",0,"",0,False,False
290,293,576,575,"Level Up","",41,"","0","","",0,"",0,0,0,"",0,"",0,False,False
291,294,578,577,"Level Up","",32,"","0","","",0,"",0,0,0,"",0,"",0,False,False
292,294,579,578,"Level Up","",41,"","0","","",0,"",0,0,0,"",0,"",0,False,False
293,295,581,580,"Level Up","",35,"","0","","",0,"",0,0,0,"",0,"",0,False,False
294,296,583,582,"Level Up","",35,"","0","","",0,"",0,0,0,"",0,"",0,False,False
295,296,584,583,"Level Up","",47,"","0","","",0,"",0,0,0,"",0,"",0,False,False
296,297,586,585,"Level Up","",34,"","0","","",0,"",0,0,0,"",0,"",0,False,False
297,299,589,588,"Trade","",0,"","0","","",0,"",0,0,0,"",0,"",616,False,False
298,300,591,590,"Level Up","",39,"","0","","",0,"",0,0,0,"",0,"",0,False,False
299,301,593,592,"Level Up","",40,"","0","","",0,"",0,0,0,"",0,"",0,False,False
300,303,596,595,"Level Up","",36,"","0","","",0,"",0,0,0,"",0,"",0,False,False
301,304,598,597,"Level Up","",40,"","0","","",0,"",0,0,0,"",0,"",0,False,False
302,305,600,599,"Level Up","",38,"","0","","",0,"",0,0,0,"",0,"",0,False,False
303,305,601,600,"Level Up","",49,"","0","","",0,"",0,0,0,"",0,"",0,False,False
304,306,603,602,"Level Up","",39,"","0","","",0,"",0,0,0,"",0,"",0,False,False
305,306,604,603,"Use Item","thunder-stone",0,"","0","","",0,"",0,0,0,"",0,"",0,False,False
306,307,606,605,"Level Up","",42,"","0","","",0,"",0,0,0,"",0,"",0,False,False
307,308,608,607,"Level Up","",41,"","0","","",0,"",0,0,0,"",0,"",0,False,False
308,308,609,608,"Use Item","dusk-stone",0,"","0","","",0,"",0,0,0,"",0,"",0,False,False
309,309,611,610,"Level Up","",38,"","0","","",0,"",0,0,0,"",0,"",0,False,False
310,309,612,611,"Level Up","",48,"","0","","",0,"",0,0,0,"",0,"",0,False,False
311,310,614,613,"Level Up","",37,"","0","","",0,"",0,0,0,"",0,"",0,False,False
312,312,617,616,"Trade","",0,"","0","","",0,"",0,0,0,"",0,"",588,False,False
313,314,620,619,"Level Up","",50,"","0","","",0,"",0,0,0,"",0,"",0,False,False
314,316,623,622,"Level Up","",43,"","0","","",0,"",0,0,0,"",0,"",0,False,False
315,317,625,624,"Level Up","",52,"","0","","",0,"",0,0,0,"",0,"",0,False,False
316,319,628,627,"Level Up","",54,"","0","","",0,"",0,0,0,"",0,"",0,False,False
317,320,630,629,"Level Up","",54,"","0","","",0,"",0,0,0,"",0,"",0,False,False
318,323,634,633,"Level Up","",50,"","0","","",0,"",0,0,0,"",0,"",0,False,False
319,323,635,634,"Level Up","",64,"","0","","",0,"",0,0,0,"",0,"",0,False,False
320,324,637,636,"Level Up","",59,"","0","","",0,"",0,0,0,"",0,"",0,False,False
321,178,350,349,"Trade","",0,"","0","prism-scale","",0,"",0,0,0,"",0,"",0,False,False
322,34,462,82,"Level Up","",0,"","379","","",0,"",0,0,0,"",0,"",0,False,False
323,147,476,299,"Level Up","",0,"","379","","",0,"",0,0,0,"",0,"",0,False,False
324,67,470,133,"Level Up","",0,"","375","","",0,"",0,0,0,"",0,"",0,False,False
325,67,471,133,"Level Up","",0,"","380","","",0,"",0,0,0,"",0,"",0,False,False
326,350,683,682,"Trade","",0,"","0","sachet","",0,"",0,0,0,"",0,"",0,False,False
327,341,662,661,"Level Up","",17,"","0","","",0,"",0,0,0,"",0,"",0,False,False
328,364,709,708,"Trade","",0,"","0","","",0,"",0,0,0,"",0,"",0,False,False
329,341,663,662,"Level Up","",35,"","0","","",0,"",0,0,0,"",0,"",0,False,False
330,338,654,653,"Level Up","",16,"","0","","",0,"",0,0,0,"",0,"",0,False,False
331,352,687,686,"Level Up","",30,"","0","","",0,"",0,0,0,"",0,"",0,False,True
332,338,655,654,"Level Up","",36,"","0","","",0,"",0,0,0,"",0,"",0,False,False
333,337,651,650,"Level Up","",16,"","0","","",0,"",0,0,0,"",0,"",0,False,False
334,355,693,692,"Level Up","",37,"","0","","",0,"",0,0,0,"",0,"",0,False,False
335,337,652,651,"Level Up","",36,"","0","","",0,"",0,0,0,"",0,"",0,False,False
336,339,657,656,"Level Up","",16,"","0","","",0,"",0,0,0,"",0,"",0,False,False
337,339,658,657,"Level Up","",36,"","0","","",0,"",0,0,0,"",0,"",0,False,False
338,349,680,679,"Level Up","",35,"","0","","",0,"",0,0,0,"",0,"",0,False,False
339,362,705,704,"Level Up","",40,"","0","","",0,"",0,0,0,"",0,"",0,False,False
340,342,666,665,"Level Up","",12,"","0","","",0,"",0,0,0,"",0,"",0,False,False
341,342,665,664,"Level Up","",9,"","0","","",0,"",0,0,0,"",0,"",0,False,False
342,353,689,688,"Level Up","",39,"","0","","",0,"",0,0,0,"",0,"",0,False,False
343,365,711,710,"Trade","",0,"","0","","",0,"",0,0,0,"",0,"",0,False,False
344,340,660,659,"Level Up","",20,"","0","","",0,"",0,0,0,"",0,"",0,False,False
345,344,670,669,"Level Up","",19,"","0","","",0,"",0,0,0,"",0,"",0,False,False
346,344,671,670,"Use Item","shiny-stone",0,"","0","","",0,"",0,0,0,"",0,"",0,False,False
347,349,681,680,"Use Item","dusk-stone",0,"","0","","",0,"",0,0,0,"",0,"",0,False,False
348,346,675,674,"Level Up","",32,"","0","","",0,"",0,0,0,"",0,"dark",0,False,False
349,351,685,684,"Trade","",0,"","0","whipped-dream","",0,"",0,0,0,"",0,"",0,False,False
350,354,691,690,"Level Up","",48,"","0","","",0,"",0,0,0,"",0,"",0,False,False
351,357,697,696,"Level Up","",39,"","0","","day",0,"",0,0,0,"",0,"",0,False,False
352,358,699,698,"Level Up","",39,"","0","","night",0,"",0,0,0,"",0,"",0,False,False
353,366,713,712,"Level Up","",37,"","0","","",0,"",0,0,0,"",0,"",0,False,False
354,356,695,694,"Use Item","sun-stone",0,"","0","","",0,"",0,0,0,"",0,"",0,False,False
355,343,668,667,"Level Up","",35,"","0","","",0,"",0,0,0,"",0,"",0,False,False
356,345,673,672,"Level Up","",32,"","0","","",0,"",0,0,0,"",0,"",0,False,False
357,362,706,705,"Level Up","",50,"","0","","",0,"",0,0,0,"",0,"",0,True,False
358,367,715,714,"Level Up","",48,"","0","","",0,"",0,0,0,"",0,"",0,False,False
359,348,678,677,"Level Up","",25,"","0","","",0,"",0,0,0,"",0,"",0,False,False
360,67,700,133,"Level Up","",0,"","0","","",0,"fairy",0,0,2,"",0,"",0,False,False
361,34,462,82,"Level Up","",0,"","629","","",0,"",0,0,0,"",0,"",0,False,False
362,67,470,133,"Level Up","",0,"","650","","",0,"",0,0,0,"",0,"",0,False,False
363,67,471,133,"Level Up","",0,"","640","","",0,"",0,0,0,"",0,"",0,False,False
364,147,476,299,"Level Up","",0,"","629","","",0,"",0,0,0,"",0,"",0,False,False
365,34,462,82,"Level Up","",0,"","0","","",0,"",0,0,0,"",0,"",0,False,False
366,46,105,104,"Level Up","",28,"","0","","night",0,"",0,0,0,"",0,"",0,False,False
367,67,470,133,"Level Up","",0,"","0","","",0,"",0,0,0,"",0,"",0,False,False
368,67,471,133,"Level Up","",0,"","0","","",0,"",0,0,0,"",0,"",0,False,False
369,147,476,299,"Level Up","",0,"","0","","",0,"",0,0,0,"",0,"",0,False,False
370,178,350,349,"Level Up","",0,"","0","","",0,"",0,170,0,"",0,"",0,False,False
371,374,723,722,"Level Up","",17,"","0","","",0,"",0,0,0,"",0,"",0,False,False
372,374,724,723,"Level Up","",34,"","0","","",0,"",0,0,0,"",0,"",0,False,False
373,375,726,725,"Level Up","",17,"","0","","",0,"",0,0,0,"",0,"",0,False,False
374,375,727,726,"Level Up","",34,"","0","","",0,"",0,0,0,"",0,"",0,False,False
375,376,729,728,"Level Up","",17,"","0","","",0,"",0,0,0,"",0,"",0,False,False
376,376,730,729,"Level Up","",34,"","0","","",0,"",0,0,0,"",0,"",0,False,False
377,377,732,731,"Level Up","",14,"","0","","",0,"",0,0,0,"",0,"",0,False,False
378,377,733,732,"Level Up","",28,"","0","","",0,"",0,0,0,"",0,"",0,False,False
379,378,735,734,"Level Up","",20,"","0","","day",0,"",0,0,0,"",0,"",0,False,False
380,379,737,736,"Level Up","",20,"","0","","",0,"",0,0,0,"",0,"",0,False,False
381,379,738,737,"Level Up","",0,"","0","","",0,"",0,0,0,"",0,"",0,False,False
382,380,740,739,"Level Up","",0,"","775","","",0,"",0,0,0,"",0,"",0,False,False
383,382,743,742,"Level Up","",25,"","0","","",0,"",0,0,0,"",0,"",0,False,False
384,383,745,744,"Level Up","",25,"","0","","day",0,"",0,0,0,"",0,"",0,False,False
385,383,745,744,"Level Up","",25,"","0","","night",0,"",0,0,0,"",0,"",0,False,False
386,385,748,747,"Level Up","",38,"","0","","",0,"",0,0,0,"",0,"",0,False,False
387,386,750,749,"Level Up","",30,"","0","","",0,"",0,0,0,"",0,"",0,False,False
388,387,752,751,"Level Up","",22,"","0","","",0,"",0,0,0,"",0,"",0,False,False
389,388,754,753,"Level Up","",34,"","0","","day",0,"",0,0,0,"",0,"",0,False,False
390,389,756,755,"Level Up","",24,"","0","","",0,"",0,0,0,"",0,"",0,False,False
391,390,758,757,"Level Up","",33,"female","0","","",0,"",0,0,0,"",0,"",0,False,False
392,391,760,759,"Level Up","",27,"","0","","",0,"",0,0,0,"",0,"",0,False,False
393,392,762,761,"Level Up","",18,"","0","","",0,"",0,0,0,"",0,"",0,False,False
394,392,763,762,"Level Up","",0,"","0","","",23,"",0,0,0,"",0,"",0,False,False
395,396,768,767,"Level Up","",30,"","0","","",0,"",0,0,0,"",0,"",0,False,False
396,397,770,769,"Level Up","",42,"","0","","",0,"",0,0,0,"",0,"",0,False,False
397,399,773,772,"Level Up","",0,"","0","","",0,"",160,0,0,"",0,"",0,False,False
398,408,783,782,"Level Up","",35,"","0","","",0,"",0,0,0,"",0,"",0,False,False
399,408,784,783,"Level Up","",45,"","0","","",0,"",0,0,0,"",0,"",0,False,False
400,413,790,789,"Level Up","",43,"","0","","",0,"",0,0,0,"",0,"",0,False,False
401,413,791,790,"Level Up","",53,"","0","","",0,"",0,0,0,"",0,"",0,False,False
402,413,792,790,"Level Up","",53,"","0","","",0,"",0,0,0,"",0,"",0,False,False
403,424,804,803,"Level Up","",0,"","0","","",406,"",0,0,0,"",0,"",0,False,False
404,34,462,82,"Use Item","thunder-stone",0,"","0","","",0,"",0,0,0,"",0,"",0,False,False
405,67,470,133,"Use Item","leaf-stone",0,"","0","","",0,"",0,0,0,"",0,"",0,False,False
406,67,471,133,"Use Item","ice-stone",0,"","0","","",0,"",0,0,0,"",0,"",0,False,False
407,67,700,133,"Level Up","",0,"","0","","",0,"fairy",160,0,0,"",0,"",0,False,False
408,379,738,737,"Use Item","thunder-stone",0,"","0","","",0,"",0,0,0,"",0,"",0,False,False
409,430,811,810,"Level Up","",16,"","0","","",0,"",0,0,0,"",0,"",0,False,False
410,430,812,811,"Level Up","",35,"","0","","",0,"",0,0,0,"",0,"",0,False,False
411,431,814,813,"Level Up","",16,"","0","","",0,"",0,0,0,"",0,"",0,False,False
412,431,815,814,"Level Up","",35,"","0","","",0,"",0,0,0,"",0,"",0,False,False
413,432,817,816,"Level Up","",16,"","0","","",0,"",0,0,0,"",0,"",0,False,False
414,432,818,817,"Level Up","",35,"","0","","",0,"",0,0,0,"",0,"",0,False,False
415,433,820,819,"Level Up","",24,"","0","","",0,"",0,0,0,"",0,"",0,False,False
416,434,822,821,"Level Up","",18,"","0","","",0,"",0,0,0,"",0,"",0,False,False
417,434,823,822,"Level Up","",38,"","0","","",0,"",0,0,0,"",0,"",0,False,False
418,435,825,824,"Level Up","",10,"","0","","",0,"",0,0,0,"",0,"",0,False,False
419,435,826,825,"Level Up","",30,"","0","","",0,"",0,0,0,"",0,"",0,False,False
420,436,828,827,"Level Up","",18,"","0","","",0,"",0,0,0,"",0,"",0,False,False
421,437,830,829,"Level Up","",20,"","0","","",0,"",0,0,0,"",0,"",0,False,False
422,438,832,831,"Level Up","",24,"","0","","",0,"",0,0,0,"",0,"",0,False,False
423,439,834,833,"Level Up","",22,"","0","","",0,"",0,0,0,"",0,"",0,False,False
424,440,836,835,"Level Up","",25,"","0","","",0,"",0,0,0,"",0,"",0,False,False
425,441,838,837,"Level Up","",18,"","0","","",0,"",0,0,0,"",0,"",0,False,False
426,441,839,838,"Level Up","",34,"","0","","",0,"",0,0,0,"",0,"",0,False,False
427,442,841,840,"Use Item","tart-apple",0,"","0","","",0,"",0,0,0,"",0,"",0,False,False
428,442,842,840,"Use Item","sweet-apple",0,"","0","","",0,"",0,0,0,"",0,"",0,False,False
429,443,844,843,"Level Up","",36,"","0","","",0,"",0,0,0,"",0,"",0,False,False
430,445,847,846,"Level Up","",26,"","0","","",0,"",0,0,0,"",0,"",0,False,False
431,446,849,848,"Level Up","",30,"","0","","",0,"",0,0,0,"",0,"",0,False,False
432,447,851,850,"Level Up","",28,"","0","","",0,"",0,0,0,"",0,"",0,False,False
433,448,853,852,"Level Up","",0,"","0","","",269,"",0,0,0,"",0,"",0,False,False
434,449,855,854,"Use Item","cracked-pot",0,"","0","","",0,"",0,0,0,"",0,"",0,False,False
435,450,857,856,"Level Up","",32,"","0","","",0,"",0,0,0,"",0,"",0,False,False
436,450,858,857,"Level Up","",42,"","0","","",0,"",0,0,0,"",0,"",0,False,False
437,451,860,859,"Level Up","",32,"","0","","",0,"",0,0,0,"",0,"",0,False,False
438,451,861,860,"Level Up","",42,"","0","","",0,"",0,0,0,"",0,"",0,False,False
439,452,869,868,"Spin","",0,"","0","","",0,"",0,0,0,"",0,"",0,False,False
440,455,873,872,"Level Up","",0,"","0","","night",0,"",160,0,0,"",0,"",0,False,False
441,460,879,878,"Level Up","",34,"","0","","",0,"",0,0,0,"",0,"",0,False,False
442,466,886,885,"Level Up","",50,"","0","","",0,"",0,0,0,"",0,"",0,False,False
443,466,887,886,"Level Up","",60,"","0","","",0,"",0,0,0,"",0,"",0,False,False
444,470,892,891,"Tower of Darkness","",0,"","0","","",0,"",0,0,0,"",0,"",0,False,False
445,470,892,891,"Tower of Waters","",0,"","0","","",0,"",0,0,0,"",0,"",0,False,False
446,540,28,27,"Use Item","ice-stone",0,"","0","","",0,"",0,0,0,"",0,"",0,False,False
447,541,38,37,"Use Item","ice-stone",0,"","0","","",0,"",0,0,0,"",0,"",0,False,False
448,543,53,52,"Level Up","",0,"","0","","",0,"",160,0,0,"",0,"",0,False,False
449,546,863,52,"Level Up","",28,"","0","","",0,"",0,0,0,"",0,"",0,False,False
450,33,80,79,"Use Item","galarica-cuff",0,"","0","","",0,"",0,0,0,"",0,"",0,False,False
451,33,199,79,"Use Item","galarica-wreath",0,"","0","","",0,"",0,0,0,"",0,"",0,False,False
452,548,865,83,"Three Critical Hits","",0,"","0","","",0,"",0,0,0,"",0,"",0,False,False
453,549,866,122,"Level Up","",42,"","0","","",0,"",0,0,0,"",0,"",0,False,False
454,550,864,222,"Level Up","",38,"","0","","",0,"",0,0,0,"",0,"",0,False,False
455,551,862,264,"Level Up","",35,"","0","","night",0,"",0,0,0,"",0,"",0,False,False
456,282,555,554,"Use Item","ice-stone",0,"","0","","",0,"",0,0,0,"",0,"",0,False,False
457,553,867,562,"Take Damage","",0,"","0","","",0,"",0,0,0,"",0,"",0,False,False
458,383,745,744,"Level Up","",25,"","0","","dusk",0,"",0,0,0,"",0,"",0,False,False
459,539,20,19,"Level Up","",20,"","0","","night",0,"",0,0,0,"",0,"",0,False,False
460,120,899,234,"Agile Style Move","",0,"","0","","",828,"",0,0,0,"",0,"",0,False,False
461,58,900,123,"Use Item","black-augurite",0,"","0","","",0,"",0,0,0,"",0,"",0,False,False
462,110,901,217,"Use Item","peat-block",0,"","0","","full-moon",0,"",0,0,0,"",0,"",0,False,False
463,563,902,550,"Recoil Damage","",0,"","0","","",0,"",0,0,0,"",0,"",0,False,False
464,562,903,215,"Level Up","",0,"","0","razor-claw","day",0,"",0,0,0,"",0,"",0,False,False
465,561,904,211,"Strong Style Move","",0,"","0","","",839,"",0,0,0,"",0,"",0,False,False
466,478,907,906,"Level Up","",16,"","0","","",0,"",0,0,0,"",0,"",0,False,False
467,478,908,907,"Level Up","",36,"","0","","",0,"",0,0,0,"",0,"",0,False,False
468,479,910,909,"Level Up","",16,"","0","","",0,"",0,0,0,"",0,"",0,False,False
469,479,911,910,"Level Up","",36,"","0","","",0,"",0,0,0,"",0,"",0,False,False
470,480,913,912,"Level Up","",16,"","0","","",0,"",0,0,0,"",0,"",0,False,False
471,480,914,913,"Level Up","",36,"","0","","",0,"",0,0,0,"",0,"",0,False,False
472,481,916,915,"Level Up","",18,"","0","","",0,"",0,0,0,"",0,"",0,False,False
473,482,918,917,"Level Up","",15,"","0","","",0,"",0,0,0,"",0,"",0,False,False
474,483,920,919,"Level Up","",24,"","0","","",0,"",0,0,0,"",0,"",0,False,False
475,484,922,921,"Level Up","",18,"","0","","",0,"",0,0,0,"",0,"",0,False,False
476,484,923,922,"Other","",0,"","0","","",0,"",0,0,0,"",0,"",0,False,False
477,485,925,924,"Other","",25,"","0","","",0,"",0,0,0,"",0,"",0,False,False
478,486,927,926,"Level Up","",26,"","0","","",0,"",0,0,0,"",0,"",0,False,False
479,487,929,928,"Level Up","",25,"","0","","",0,"",0,0,0,"",0,"",0,False,False
480,487,930,929,"Level Up","",35,"","0","","",0,"",0,0,0,"",0,"",0,False,False
481,489,933,932,"Level Up","",24,"","0","","",0,"",0,0,0,"",0,"",0,False,False
482,489,934,933,"Level Up","",38,"","0","","",0,"",0,0,0,"",0,"",0,False,False
483,490,936,935,"Use Item","auspicious-armor",0,"","0","","",0,"",0,0,0,"",0,"",0,False,False
484,490,937,935,"Use Item","malicious-armor",0,"","0","","",0,"",0,0,0,"",0,"",0,False,False
485,491,939,938,"Use Item","thunder-stone",0,"","0","","",0,"",0,0,0,"",0,"",0,False,False
486,492,941,940,"Level Up","",25,"","0","","",0,"",0,0,0,"",0,"",0,False,False
487,493,943,942,"Level Up","",30,"","0","","",0,"",0,0,0,"",0,"",0,False,False
488,494,945,944,"Level Up","",28,"","0","","",0,"",0,0,0,"",0,"",0,False,False
489,495,947,946,"Other","",0,"","0","","",0,"",0,0,0,"",0,"",0,False,False
490,496,949,948,"Level Up","",30,"","0","","",0,"",0,0,0,"",0,"",0,False,False
491,498,952,951,"Use Item","fire-stone",0,"","0","","",0,"",0,0,0,"",0,"",0,False,False
492,499,954,953,"Other","",0,"","0","","",0,"",0,0,0,"",0,"",0,False,False
493,500,956,955,"Level Up","",35,"","0","","",0,"",0,0,0,"",0,"",0,False,False
494,501,958,957,"Level Up","",24,"","0","","",0,"",0,0,0,"",0,"",0,False,False
495,501,959,958,"Level Up","",28,"","0","","",0,"",0,0,0,"",0,"",0,False,False
496,502,961,960,"Level Up","",26,"","0","","",0,"",0,0,0,"",0,"",0,False,False
497,504,964,963,"Other","",38,"","0","","",0,"",0,0,0,"",0,"",0,False,False
498,505,966,965,"Level Up","",40,"","0","","",0,"",0,0,0,"",0,"",0,False,False
499,508,970,969,"Level Up","",35,"","0","","",0,"",0,0,0,"",0,"",0,False,False
500,509,972,971,"Level Up","",30,"","0","","night",0,"",0,0,0,"",0,"",0,False,False
501,511,975,974,"Use Item","ice-stone",0,"","0","","",0,"",0,0,0,"",0,"",0,False,False
502,24,979,57,"Other","",0,"","0","","",0,"",0,0,0,"",0,"",0,False,False
503,565,980,194,"Level Up","",20,"","0","","",0,"",0,0,0,"",0,"",0,False,False
504,101,981,203,"Level Up","",0,"","0","","",888,"",0,0,0,"",0,"",0,False,False
505,103,982,206,"Level Up","",0,"","0","","",887,"",0,0,0,"",0,"",0,False,False
506,317,983,625,"Other","",0,"","0","","",0,"",0,0,0,"",0,"",0,False,False
507,527,997,996,"Level Up","",35,"","0","","",0,"",0,0,0,"",0,"",0,False,False
508,527,998,997,"Level Up","",54,"","0","","",0,"",0,0,0,"",0,"",0,False,False
509,528,1000,999,"Other","",0,"","0","","",0,"",0,0,0,"",0,"",0,False,False
510,542,51,50,"Level Up","",26,"","0","","",0,"",0,0,0,"",0,"",0,False,False
511,544,75,74,"Level Up","",25,"","0","","",0,"",0,0,0,"",0,"",0,False,False
512,544,76,75,"Trade","",0,"","0","","",0,"",0,0,0,"",0,"",0,False,False
513,545,89,88,"Level Up","",38,"","0","","",0,"",0,0,0,"",0,"",0,False,False
