id,identifier,category_id,cost,fling_power,fling_effect_id
1,master-ball,34,0,0,0
2,ultra-ball,34,800,0,0
3,great-ball,34,600,0,0
4,poke-ball,34,200,0,0
5,safari-ball,34,0,0,0
6,net-ball,33,1000,0,0
7,dive-ball,33,1000,0,0
8,nest-ball,33,1000,0,0
9,repeat-ball,33,1000,0,0
10,timer-ball,33,1000,0,0
11,luxury-ball,33,3000,0,0
12,premier-ball,33,20,0,0
13,dusk-ball,33,1000,0,0
14,heal-ball,33,300,0,0
15,quick-ball,33,1000,0,0
16,cherish-ball,33,0,0,0
17,potion,27,200,30,0
18,antidote,30,200,30,0
19,burn-heal,30,200,30,0
20,ice-heal,30,200,30,0
21,awakening,30,200,30,0
22,paralyze-heal,30,200,30,0
23,full-restore,27,3000,30,0
24,max-potion,27,2500,30,0
25,hyper-potion,27,1500,30,0
26,super-potion,27,700,30,0
27,full-heal,30,400,30,0
28,revive,29,2000,30,0
29,max-revive,29,4000,30,0
30,fresh-water,27,200,30,0
31,soda-pop,27,300,30,0
32,lemonade,27,400,30,0
33,moomoo-milk,27,600,30,0
34,energy-powder,27,500,30,0
35,energy-root,27,1200,30,0
36,heal-powder,30,300,30,0
37,revival-herb,29,2800,30,0
38,ether,28,1200,30,0
39,max-ether,28,2000,30,0
40,elixir,28,3000,30,0
41,max-elixir,28,4500,30,0
42,lava-cookie,30,350,30,0
43,berry-juice,27,200,30,0
44,sacred-ash,29,50000,30,0
45,hp-up,26,10000,30,0
46,protein,26,10000,30,0
47,iron,26,10000,30,0
48,carbos,26,10000,30,0
49,calcium,26,10000,30,0
50,rare-candy,26,10000,30,0
51,pp-up,26,10000,30,0
52,zinc,26,10000,30,0
53,pp-max,26,10000,30,0
54,old-gateau,30,350,30,0
55,guard-spec,1,1500,30,0
56,dire-hit,1,1000,30,0
57,x-attack,1,1000,30,0
58,x-defense,1,2000,30,0
59,x-speed,1,1000,30,0
60,x-accuracy,1,1000,30,0
61,x-sp-atk,1,1000,30,0
62,x-sp-def,1,2000,30,0
63,poke-doll,11,300,30,0
64,fluffy-tail,11,100,30,0
65,blue-flute,38,20,30,0
66,yellow-flute,38,20,30,0
67,red-flute,38,20,30,0
68,black-flute,11,20,30,0
69,white-flute,11,20,30,0
70,shoal-salt,9,20,30,0
71,shoal-shell,9,20,30,0
72,red-shard,9,1000,30,0
73,blue-shard,9,1000,30,0
74,yellow-shard,9,1000,30,0
75,green-shard,9,1000,30,0
76,super-repel,11,700,30,0
77,max-repel,11,900,30,0
78,escape-rope,11,300,30,0
79,repel,11,400,30,0
80,sun-stone,10,3000,30,0
81,moon-stone,10,3000,30,0
82,fire-stone,10,3000,30,0
83,thunder-stone,10,3000,30,0
84,water-stone,10,3000,30,0
85,leaf-stone,10,3000,30,0
86,tiny-mushroom,24,500,30,0
87,big-mushroom,24,5000,30,0
88,pearl,24,2000,30,0
89,big-pearl,24,8000,30,0
90,stardust,24,3000,30,0
91,star-piece,24,12000,30,0
92,nugget,24,10000,30,0
93,heart-scale,9,100,30,0
94,honey,35,900,30,0
95,growth-mulch,32,200,30,0
96,damp-mulch,32,200,30,0
97,stable-mulch,32,200,30,0
98,gooey-mulch,32,200,30,0
99,root-fossil,35,7000,100,0
100,claw-fossil,35,7000,100,0
101,helix-fossil,35,7000,100,0
102,dome-fossil,35,7000,100,0
103,old-amber,35,10000,100,0
104,armor-fossil,35,7000,100,0
105,skull-fossil,35,7000,100,0
106,rare-bone,24,5000,100,0
107,shiny-stone,10,3000,80,0
108,dusk-stone,10,3000,80,0
109,dawn-stone,10,3000,80,0
110,oval-stone,10,2000,80,0
111,odd-keystone,35,2100,80,0
112,adamant-orb,18,0,60,0
113,lustrous-orb,18,0,60,0
114,grass-mail,25,50,0,0
115,flame-mail,25,50,0,0
116,bubble-mail,25,50,0,0
117,bloom-mail,25,50,0,0
118,tunnel-mail,25,50,0,0
119,steel-mail,25,50,0,0
120,heart-mail,25,50,0,0
121,snow-mail,25,50,0,0
122,space-mail,25,50,0,0
123,air-mail,25,50,0,0
124,mosaic-mail,25,50,0,0
125,brick-mail,25,50,0,0
126,cheri-berry,3,80,10,3
127,chesto-berry,3,80,10,3
128,pecha-berry,3,80,10,3
129,rawst-berry,3,80,10,3
130,aspear-berry,3,80,10,3
131,leppa-berry,3,80,10,3
132,oran-berry,3,80,10,3
133,persim-berry,3,80,10,3
134,lum-berry,3,80,10,3
135,sitrus-berry,3,80,10,3
136,figy-berry,6,80,10,3
137,wiki-berry,6,80,10,3
138,mago-berry,6,80,10,3
139,aguav-berry,6,80,10,3
140,iapapa-berry,6,80,10,3
141,razz-berry,8,200,10,0
142,bluk-berry,8,20,10,0
143,nanab-berry,8,200,10,0
144,wepear-berry,8,20,10,0
145,pinap-berry,8,200,10,0
146,pomeg-berry,2,80,10,0
147,kelpsy-berry,2,80,10,0
148,qualot-berry,2,80,10,0
149,hondew-berry,2,80,10,0
150,grepa-berry,2,80,10,0
151,tamato-berry,2,80,10,0
152,cornn-berry,8,20,10,0
153,magost-berry,8,20,10,0
154,rabuta-berry,8,20,10,0
155,nomel-berry,8,20,10,0
156,spelon-berry,8,20,10,0
157,pamtre-berry,8,20,10,0
158,watmel-berry,8,20,10,0
159,durin-berry,8,20,10,0
160,belue-berry,8,20,10,0
161,occa-berry,7,80,10,0
162,passho-berry,7,80,10,0
163,wacan-berry,7,80,10,0
164,rindo-berry,7,80,10,0
165,yache-berry,7,80,10,0
166,chople-berry,7,80,10,0
167,kebia-berry,7,80,10,0
168,shuca-berry,7,80,10,0
169,coba-berry,7,80,10,0
170,payapa-berry,7,80,10,0
171,tanga-berry,7,80,10,0
172,charti-berry,7,80,10,0
173,kasib-berry,7,80,10,0
174,haban-berry,7,80,10,0
175,colbur-berry,7,80,10,0
176,babiri-berry,7,80,10,0
177,chilan-berry,7,80,10,0
178,liechi-berry,5,80,10,3
179,ganlon-berry,5,80,10,3
180,salac-berry,5,80,10,3
181,petaya-berry,5,80,10,3
182,apicot-berry,5,80,10,3
183,lansat-berry,5,80,10,3
184,starf-berry,5,80,10,3
185,enigma-berry,4,80,10,0
186,micle-berry,5,80,10,3
187,custap-berry,5,80,10,0
188,jaboca-berry,4,80,10,0
189,rowap-berry,4,80,10,0
190,bright-powder,12,4000,10,0
191,white-herb,12,4000,10,4
192,macho-brace,14,3000,60,0
193,exp-share,16,0,0,0
194,quick-claw,12,4000,80,0
195,soothe-bell,16,4000,10,0
196,mental-herb,12,4000,10,4
197,choice-band,13,4000,10,0
198,kings-rock,12,5000,30,7
199,silver-powder,19,1000,10,0
200,amulet-coin,16,10000,30,0
201,cleanse-tag,16,5000,30,0
202,soul-dew,18,0,30,0
203,deep-sea-tooth,18,2000,90,0
204,deep-sea-scale,18,2000,30,0
205,smoke-ball,12,4000,30,0
206,everstone,16,3000,30,0
207,focus-band,12,4000,10,0
208,lucky-egg,16,10000,30,0
209,scope-lens,12,4000,30,0
210,metal-coat,19,2000,30,0
211,leftovers,12,4000,10,0
212,dragon-scale,10,2000,30,0
213,light-ball,18,1000,30,5
214,soft-sand,19,1000,10,0
215,hard-stone,19,1000,100,0
216,miracle-seed,19,1000,30,0
217,black-glasses,19,1000,30,0
218,black-belt,19,1000,30,0
219,magnet,19,1000,30,0
220,mystic-water,19,1000,30,0
221,sharp-beak,19,1000,50,0
222,poison-barb,19,1000,70,6
223,never-melt-ice,19,1000,30,0
224,spell-tag,19,1000,30,0
225,twisted-spoon,19,1000,30,0
226,charcoal,19,1000,30,0
227,dragon-fang,19,1000,70,0
228,silk-scarf,19,1000,10,0
229,up-grade,10,2000,30,0
230,shell-bell,12,4000,30,0
231,sea-incense,19,2000,10,0
232,lax-incense,12,5000,10,0
233,lucky-punch,18,1000,40,0
234,metal-powder,18,1000,10,0
235,thick-club,18,1000,90,0
236,stick,18,1000,60,0
237,red-scarf,36,100,10,0
238,blue-scarf,36,100,10,0
239,pink-scarf,36,100,10,0
240,green-scarf,36,100,10,0
241,yellow-scarf,36,100,10,0
242,wide-lens,12,4000,10,0
243,muscle-band,12,4000,10,0
244,wise-glasses,12,4000,10,0
245,expert-belt,12,4000,10,0
246,light-clay,12,4000,30,0
247,life-orb,12,4000,30,0
248,power-herb,12,4000,10,0
249,toxic-orb,15,4000,30,1
250,flame-orb,15,4000,30,2
251,quick-powder,18,1000,10,0
252,focus-sash,12,4000,10,0
253,zoom-lens,12,4000,10,0
254,metronome,12,4000,30,0
255,iron-ball,15,4000,130,0
256,lagging-tail,15,4000,10,0
257,destiny-knot,12,4000,10,0
258,black-sludge,12,4000,30,0
259,icy-rock,12,4000,40,0
260,smooth-rock,12,4000,10,0
261,heat-rock,12,4000,60,0
262,damp-rock,12,4000,60,0
263,grip-claw,12,4000,90,0
264,choice-scarf,13,4000,10,0
265,sticky-barb,15,4000,80,0
266,power-bracer,14,3000,70,0
267,power-belt,14,3000,70,0
268,power-lens,14,3000,70,0
269,power-band,14,3000,70,0
270,power-anklet,14,3000,70,0
271,power-weight,14,3000,70,0
272,shed-shell,12,4000,10,0
273,big-root,12,4000,10,0
274,choice-specs,13,4000,10,0
275,flame-plate,17,1000,90,0
276,splash-plate,17,1000,90,0
277,zap-plate,17,1000,90,0
278,meadow-plate,17,1000,90,0
279,icicle-plate,17,1000,90,0
280,fist-plate,17,1000,90,0
281,toxic-plate,17,1000,90,0
282,earth-plate,17,1000,90,0
283,sky-plate,17,1000,90,0
284,mind-plate,17,1000,90,0
285,insect-plate,17,1000,90,0
286,stone-plate,17,1000,90,0
287,spooky-plate,17,1000,90,0
288,draco-plate,17,1000,90,0
289,dread-plate,17,1000,90,0
290,iron-plate,17,1000,90,0
291,odd-incense,19,2000,10,0
292,rock-incense,19,2000,10,0
293,full-incense,15,5000,10,0
294,wave-incense,19,2000,10,0
295,rose-incense,19,2000,10,0
296,luck-incense,16,11000,10,0
297,pure-incense,16,6000,10,0
298,protector,10,2000,80,0
299,electirizer,10,2000,80,0
300,magmarizer,10,2000,80,0
301,dubious-disc,10,2000,50,0
302,reaper-cloth,10,2000,10,0
303,razor-claw,12,5000,80,0
304,razor-fang,12,5000,30,7
305,tm01,37,40000,0,0
306,tm02,37,1000,0,0
307,tm03,37,50000,0,0
308,tm04,37,50000,0,0
309,tm05,37,50000,0,0
310,tm06,37,1000,0,0
311,tm07,37,1000,0,0
312,tm08,37,50000,0,0
313,tm09,37,50000,0,0
314,tm10,37,1000,0,0
315,tm11,37,1000,0,0
316,tm12,37,50000,0,0
317,tm13,37,10000,0,0
318,tm14,37,1000,0,0
319,tm15,37,1000,0,0
320,tm16,37,1000,0,0
321,tm17,37,10000,0,0
322,tm18,37,10000,0,0
323,tm19,37,10000,0,0
324,tm20,37,100000,0,0
325,tm21,37,1000,0,0
326,tm22,37,1000,0,0
327,tm23,37,10000,0,0
328,tm24,37,1000,0,0
329,tm25,37,10000,0,0
330,tm26,37,1000,0,0
331,tm27,37,1000,0,0
332,tm28,37,100000,0,0
333,tm29,37,1000,0,0
334,tm30,37,1000,0,0
335,tm31,37,1000,0,0
336,tm32,37,10000,0,0
337,tm33,37,10000,0,0
338,tm34,37,10000,0,0
339,tm35,37,10000,0,0
340,tm36,37,1000,0,0
341,tm37,37,1000,0,0
342,tm38,37,1000,0,0
343,tm39,37,1000,0,0
344,tm40,37,1000,0,0
345,tm41,37,10000,0,0
346,tm42,37,1000,0,0
347,tm43,37,1000,0,0
348,tm44,37,100000,0,0
349,tm45,37,1000,0,0
350,tm46,37,30000,0,0
351,tm47,37,1000,0,0
352,tm48,37,1000,0,0
353,tm49,37,1000,0,0
354,tm50,37,10000,0,0
355,tm51,37,1000,0,0
356,tm52,37,100000,0,0
357,tm53,37,1000,0,0
358,tm54,37,1000,0,0
359,tm55,37,10000,0,0
360,tm56,37,1000,0,0
361,tm57,37,1000,0,0
362,tm58,37,1000,0,0
363,tm59,37,100000,0,0
364,tm60,37,30000,0,0
365,tm61,37,30000,0,0
366,tm62,37,30000,0,0
367,tm63,37,50000,0,0
368,tm64,37,1000,0,0
369,tm65,37,1000,0,0
370,tm66,37,30000,0,0
371,tm67,37,30000,0,0
372,tm68,37,30000,0,0
373,tm69,37,1000,0,0
374,tm70,37,50000,0,0
375,tm71,37,50000,0,0
376,tm72,37,50000,0,0
377,tm73,37,1000,0,0
378,tm74,37,1000,0,0
379,tm75,37,1000,0,0
380,tm76,37,10000,0,0
381,tm77,37,1000,0,0
382,tm78,37,1000,0,0
383,tm79,37,1000,0,0
384,tm80,37,1000,0,0
385,tm81,37,1000,0,0
386,tm82,37,1000,0,0
387,tm83,37,100000,0,0
388,tm84,37,1000,0,0
389,tm85,37,1000,0,0
390,tm86,37,1000,0,0
391,tm87,37,1000,0,0
392,tm88,37,20000,0,0
393,tm89,37,20000,0,0
394,tm90,37,20000,0,0
395,tm91,37,20000,0,0
396,tm92,37,100000,0,0
397,hm01,37,0,0,0
398,hm02,37,0,0,0
399,hm03,37,0,0,0
400,hm04,37,0,0,0
401,hm05,37,0,0,0
402,hm06,37,0,0,0
403,hm07,37,0,0,0
404,hm08,37,0,0,0
405,explorer-kit,21,0,0,0
406,loot-sack,23,0,0,0
407,rule-book,23,0,0,0
408,poke-radar,21,0,0,0
409,point-card,21,0,0,0
410,journal,21,0,0,0
411,seal-case,21,0,0,0
412,fashion-case,21,0,0,0
413,seal-bag,23,0,0,0
414,pal-pad,21,0,0,0
415,works-key,22,0,0,0
416,old-charm,22,0,0,0
417,galactic-key,22,0,0,0
418,red-chain,23,0,0,0
419,town-map,21,0,0,0
420,vs-seeker,21,0,0,0
421,coin-case,21,0,0,0
422,old-rod,21,0,0,0
423,good-rod,21,0,0,0
424,super-rod,21,0,0,0
425,sprayduck,21,0,0,0
426,poffin-case,21,0,0,0
427,bicycle,21,0,0,0
428,suite-key,20,0,0,0
429,oaks-letter,20,0,0,0
430,lunar-wing,20,0,0,0
431,member-card,20,0,0,0
432,azure-flute,20,0,0,0
433,ss-ticket,22,0,0,0
434,contest-pass,21,0,0,0
435,magma-stone,22,0,0,0
436,parcel,22,0,0,0
437,coupon-1,22,0,0,0
438,coupon-2,22,0,0,0
439,coupon-3,22,0,0,0
440,storage-key,22,0,0,0
441,secret-potion,22,0,0,0
442,griseous-orb,18,0,60,0
443,vs-recorder,21,0,0,0
444,gracidea,20,0,0,0
445,secret-key,20,0,0,0
446,apricorn-box,21,0,0,0
447,berry-pots,21,0,0,0
448,squirt-bottle,22,0,0,0
449,lure-ball,39,0,0,0
450,level-ball,39,0,0,0
451,moon-ball,39,0,0,0
452,heavy-ball,39,0,0,0
453,fast-ball,39,0,0,0
454,friend-ball,39,0,0,0
455,love-ball,39,0,0,0
456,park-ball,34,0,0,0
457,sport-ball,34,300,0,0
458,red-apricorn,40,200,10,0
459,blue-apricorn,40,200,10,0
460,yellow-apricorn,40,200,10,0
461,green-apricorn,40,200,10,0
462,pink-apricorn,40,200,10,0
463,white-apricorn,40,200,10,0
464,black-apricorn,40,200,10,0
465,dowsing-machine,21,0,0,0
466,rage-candy-bar,21,350,30,0
467,red-orb,22,0,0,0
468,blue-orb,22,0,0,0
469,jade-orb,22,0,0,0
470,enigma-stone,20,0,0,0
471,unown-report,21,0,0,0
472,blue-card,21,0,0,0
473,slowpoke-tail,23,0,0,0
474,clear-bell,22,0,0,0
475,card-key,22,0,0,0
476,basement-key,22,0,0,0
477,red-scale,22,0,0,0
478,lost-item,22,0,0,0
479,pass,22,0,0,0
480,machine-part,22,0,0,0
481,silver-wing,22,0,0,0
482,rainbow-wing,22,0,0,0
483,mystery-egg,22,0,0,0
484,gb-sounds,21,0,0,0
485,tidal-bell,22,0,0,0
486,data-card-01,41,0,0,0
487,data-card-02,41,0,0,0
488,data-card-03,41,0,0,0
489,data-card-04,41,0,0,0
490,data-card-05,41,0,0,0
491,data-card-06,41,0,0,0
492,data-card-07,41,0,0,0
493,data-card-08,41,0,0,0
494,data-card-09,41,0,0,0
495,data-card-10,41,0,0,0
496,data-card-11,41,0,0,0
497,data-card-12,41,0,0,0
498,data-card-13,41,0,0,0
499,data-card-14,41,0,0,0
500,data-card-15,41,0,0,0
501,data-card-16,41,0,0,0
502,data-card-17,41,0,0,0
503,data-card-18,41,0,0,0
504,data-card-19,41,0,0,0
505,data-card-20,41,0,0,0
506,data-card-21,41,0,0,0
507,data-card-22,41,0,0,0
508,data-card-23,41,0,0,0
509,data-card-24,41,0,0,0
510,data-card-25,41,0,0,0
511,data-card-26,41,0,0,0
512,data-card-27,41,0,0,0
513,lock-capsule,23,0,0,0
514,photo-album,23,0,0,0
515,orange-mail,25,50,0,0
516,harbor-mail,25,50,0,0
517,glitter-mail,25,50,0,0
518,mech-mail,25,50,0,0
519,wood-mail,25,50,0,0
520,wave-mail,25,50,0,0
521,bead-mail,25,50,0,0
522,shadow-mail,25,50,0,0
523,tropic-mail,25,50,0,0
524,dream-mail,25,50,0,0
525,fab-mail,25,50,0,0
526,retro-mail,25,0,0,0
527,mach-bike,21,0,0,0
528,acro-bike,21,0,0,0
529,wailmer-pail,21,0,0,0
530,devon-goods,22,0,0,0
531,soot-sack,21,0,0,0
532,pokeblock-case,21,0,0,0
533,letter,22,0,0,0
534,eon-ticket,20,0,0,0
535,scanner,22,0,0,0
536,go-goggles,21,0,0,0
537,meteorite,22,0,0,0
538,rm-1-key,22,0,0,0
539,rm-2-key,22,0,0,0
540,rm-4-key,22,0,0,0
541,rm-6-key,22,0,0,0
542,devon-scope,21,0,0,0
543,oaks-parcel,22,0,0,0
544,poke-flute,22,0,0,0
545,bike-voucher,22,0,0,0
546,gold-teeth,22,0,0,0
547,lift-key,22,0,0,0
548,silph-scope,22,0,0,0
549,fame-checker,21,0,0,0
550,tm-case,21,0,0,0
551,berry-pouch,21,0,0,0
552,teachy-tv,21,0,0,0
553,tri-pass,22,0,0,0
554,rainbow-pass,22,0,0,0
555,tea,22,0,0,0
556,mysticticket,20,0,0,0
557,auroraticket,20,0,0,0
558,powder-jar,21,0,0,0
559,ruby,22,0,0,0
560,sapphire,22,0,0,0
561,magma-emblem,22,0,0,0
562,old-sea-map,20,0,0,0
563,douse-drive,18,0,70,0
564,shock-drive,18,0,70,0
565,burn-drive,18,0,70,0
566,chill-drive,18,0,70,0
567,sweet-heart,27,3000,30,0
568,greet-mail,25,50,0,0
569,favored-mail,25,50,0,0
570,rsvp-mail,25,50,0,0
571,thanks-mail,25,50,0,0
572,inquiry-mail,25,50,0,0
573,like-mail,25,50,0,0
574,reply-mail,25,50,0,0
575,bridge-mail-s,25,50,0,0
576,bridge-mail-d,25,50,0,0
577,bridge-mail-t,25,50,0,0
578,bridge-mail-v,25,50,0,0
579,bridge-mail-m,25,50,0,0
580,prism-scale,10,2000,30,0
581,eviolite,12,4000,40,0
582,float-stone,12,4000,30,0
583,rocky-helmet,12,4000,60,0
584,air-balloon,12,4000,10,0
585,red-card,12,4000,10,0
586,ring-target,12,4000,10,0
587,binding-band,12,4000,30,0
588,absorb-bulb,12,4000,30,0
589,cell-battery,12,4000,30,0
590,eject-button,12,4000,30,0
591,fire-gem,42,200,0,0
592,water-gem,42,200,0,0
593,electric-gem,42,200,0,0
594,grass-gem,42,200,0,0
595,ice-gem,42,200,0,0
596,fighting-gem,42,200,0,0
597,poison-gem,42,200,0,0
598,ground-gem,42,200,0,0
599,flying-gem,42,200,0,0
600,psychic-gem,42,200,0,0
601,bug-gem,42,200,0,0
602,rock-gem,42,200,0,0
603,ghost-gem,42,200,0,0
604,dark-gem,42,200,0,0
605,steel-gem,42,200,0,0
606,health-wing,26,300,20,0
607,muscle-wing,26,300,20,0
608,resist-wing,26,300,20,0
609,genius-wing,26,300,20,0
610,clever-wing,26,300,20,0
611,swift-wing,26,300,20,0
612,pretty-wing,24,1000,20,0
613,cover-fossil,35,7000,100,0
614,plume-fossil,35,7000,100,0
615,liberty-pass,20,0,0,0
616,pass-orb,12,200,30,0
617,dream-ball,33,0,0,0
618,poke-toy,11,100,30,0
619,prop-case,21,0,0,0
620,dragon-skull,22,0,0,0
621,balm-mushroom,24,15000,30,0
622,big-nugget,24,40000,130,0
623,pearl-string,24,20000,30,0
624,comet-shard,24,25000,30,0
625,relic-copper,24,0,30,0
626,relic-silver,24,0,30,0
627,relic-gold,24,60000,30,0
628,relic-vase,24,0,30,0
629,relic-band,24,0,30,0
630,relic-statue,24,0,30,0
631,relic-crown,24,0,30,0
632,casteliacone,30,350,30,0
633,dire-hit-2,43,0,0,0
634,x-speed-2,43,0,0,0
635,x-sp-atk-2,43,0,0,0
636,x-sp-def-2,43,0,0,0
637,x-defense-2,43,0,0,0
638,x-attack-2,43,0,0,0
639,x-accuracy-2,43,0,0,0
640,x-speed-3,43,0,0,0
641,x-sp-atk-3,43,0,0,0
642,x-sp-def-3,43,0,0,0
643,x-defense-3,43,0,0,0
644,x-attack-3,43,0,0,0
645,x-accuracy-3,43,0,0,0
646,x-speed-6,43,0,0,0
647,x-sp-atk-6,43,0,0,0
648,x-sp-def-6,43,0,0,0
649,x-defense-6,43,0,0,0
650,x-attack-6,43,0,0,0
651,x-accuracy-6,43,0,0,0
652,ability-urge,43,0,0,0
653,item-drop,43,0,0,0
654,item-urge,43,0,0,0
655,reset-urge,43,0,0,0
656,dire-hit-3,43,0,0,0
657,light-stone,22,0,0,0
658,dark-stone,22,0,0,0
659,tm93,37,1000,0,0
660,tm94,37,10000,0,0
661,tm95,37,1000,0,0
662,xtransceiver,21,0,0,0
663,god-stone,23,0,0,0
664,gram-1,22,0,0,0
665,gram-2,22,0,0,0
666,gram-3,22,0,0,0
668,dragon-gem,42,200,0,0
669,normal-gem,42,4000,0,0
670,medal-box,21,0,0,0
671,dna-splicers,21,0,0,0
673,permit,21,0,0,0
674,oval-charm,21,0,0,0
675,shiny-charm,21,0,0,0
676,plasma-card,22,0,0,0
677,grubby-hanky,22,0,0,0
678,colress-machine,22,0,0,0
679,dropped-item,22,0,0,0
681,reveal-glass,21,0,0,0
682,weakness-policy,12,1000,80,0
683,assault-vest,12,1000,80,0
684,pixie-plate,17,1000,90,0
685,ability-capsule,26,10000,0,0
686,whipped-dream,10,2000,80,0
687,sachet,10,2000,80,0
688,luminous-moss,12,4000,30,0
689,snowball,12,4000,30,0
690,safety-goggles,12,4000,80,0
691,rich-mulch,32,200,30,0
692,surprise-mulch,32,200,30,0
693,boost-mulch,32,200,30,0
694,amaze-mulch,32,200,30,0
695,gengarite,44,0,80,0
696,gardevoirite,44,0,80,0
697,ampharosite,44,0,80,0
698,venusaurite,44,0,80,0
699,charizardite-x,44,0,80,0
700,blastoisinite,44,0,80,0
701,mewtwonite-x,44,0,80,0
702,mewtwonite-y,44,0,80,0
703,blazikenite,44,0,80,0
704,medichamite,44,0,80,0
705,houndoominite,44,0,80,0
706,aggronite,44,0,80,0
707,banettite,44,0,80,0
708,tyranitarite,44,0,80,0
709,scizorite,44,0,80,0
710,pinsirite,44,0,80,0
711,aerodactylite,44,0,80,0
712,lucarionite,44,0,80,0
713,abomasite,44,0,80,0
714,kangaskhanite,44,0,80,0
715,gyaradosite,44,0,80,0
716,absolite,44,0,80,0
717,charizardite-y,44,0,80,0
718,alakazite,44,0,80,0
719,heracronite,44,0,80,0
720,mawilite,44,0,80,0
721,manectite,44,0,80,0
722,garchompite,44,0,80,0
723,roseli-berry,7,80,10,0
724,kee-berry,4,80,10,3
725,maranga-berry,4,80,10,3
726,discount-coupon,24,20,10,0
727,strange-souvenir,24,3000,30,0
728,lumiose-galette,30,350,30,0
729,jaw-fossil,35,7000,100,0
730,sail-fossil,35,7000,100,0
731,fairy-gem,42,200,0,0
732,adventure-rules,21,0,0,0
733,elevator-key,22,0,0,0
734,holo-caster,21,0,0,0
735,honor-of-kalos,22,0,0,0
736,intriguing-stone,22,0,0,0
737,lens-case,21,0,0,0
738,looker-ticket,22,0,0,0
739,mega-ring,21,0,0,0
740,power-plant-pass,22,0,0,0
741,profs-letter,22,0,0,0
742,roller-skates,21,0,0,0
743,sprinklotad,21,0,0,0
744,tmv-pass,21,0,0,0
745,tm96,37,1000,0,0
746,tm97,37,1000,0,0
747,tm98,37,1000,0,0
748,tm99,37,1000,0,0
749,tm100,37,5000,0,0
760,latiasite,44,0,80,0
761,latiosite,44,0,80,0
762,common-stone,23,0,0,0
763,makeup-bag,21,0,0,0
764,travel-trunk,23,0,0,0
765,shalour-sable,30,350,30,0
768,mega-charm,23,0,0,0
769,mega-glove,23,0,0,0
770,devon-parts,22,0,0,0
772,pokeblock-kit,21,0,0,0
773,key-to-room-1,22,0,0,0
774,key-to-room-2,22,0,0,0
775,key-to-room-4,22,0,0,0
776,key-to-room-6,22,0,0,0
779,devon-scuba-gear,22,0,0,0
780,contest-costume--jacket,21,0,0,0
782,magma-suit,22,0,0,0
783,aqua-suit,22,0,0,0
784,pair-of-tickets,22,0,0,0
785,mega-bracelet,21,0,0,0
786,mega-pendant,23,0,0,0
787,mega-glasses,23,0,0,0
788,mega-anchor,23,0,0,0
789,mega-stickpin,23,0,0,0
790,mega-tiara,23,0,0,0
791,mega-anklet,23,0,0,0
793,swampertite,44,0,80,0
794,sceptilite,44,0,80,0
795,sablenite,44,0,80,0
796,altarianite,44,0,80,0
797,galladite,44,0,80,0
798,audinite,44,0,80,0
799,metagrossite,44,0,80,0
800,sharpedonite,44,0,80,0
801,slowbronite,44,0,80,0
802,steelixite,44,0,80,0
803,pidgeotite,44,0,80,0
804,glalitite,44,0,80,0
805,diancite,44,0,80,0
806,prison-bottle,21,0,0,0
807,mega-cuff,23,0,0,0
808,cameruptite,44,0,80,0
809,lopunnite,44,0,80,0
810,salamencite,44,0,80,0
811,beedrillite,44,0,80,0
814,key-stone,21,0,0,0
815,meteorite-shard,22,0,0,0
816,eon-flute,21,0,0,0
817,normalium-z--held,46,0,0,0
818,firium-z--held,46,0,0,0
819,waterium-z--held,46,0,0,0
820,electrium-z--held,46,0,0,0
821,grassium-z--held,46,0,0,0
822,icium-z--held,46,0,0,0
823,fightinium-z--held,46,0,0,0
824,poisonium-z--held,46,0,0,0
825,groundium-z--held,46,0,0,0
826,flyinium-z--held,46,0,0,0
827,psychium-z--held,46,0,0,0
828,buginium-z--held,46,0,0,0
829,rockium-z--held,46,0,0,0
830,ghostium-z--held,46,0,0,0
831,dragonium-z--held,46,0,0,0
832,darkinium-z--held,46,0,0,0
833,steelium-z--held,46,0,0,0
834,fairium-z--held,46,0,0,0
835,pikanium-z--held,46,0,0,0
836,bottle-cap,24,5000,30,0
837,gold-bottle-cap,24,10000,30,0
838,z-ring,21,0,0,0
839,decidium-z--held,46,0,0,0
840,incinium-z--held,46,0,0,0
841,primarium-z--held,46,0,0,0
842,tapunium-z--held,46,0,0,0
843,marshadium-z--held,46,0,0,0
844,aloraichium-z--held,46,0,0,0
845,snorlium-z--held,46,0,0,0
846,eevium-z--held,46,0,0,0
847,mewnium-z--held,46,0,0,0
877,pikashunium-z--held,46,0,0,0
878,forage-bag,21,0,0,0
879,fishing-rod,21,0,0,0
880,professors-mask,22,0,0,0
881,festival-ticket,21,10,0,0
882,sparkling-stone,22,0,0,0
883,adrenaline-orb,12,4000,30,0
884,zygarde-cube,21,0,0,0
885,ice-stone,10,3000,30,0
886,ride-pager,23,0,0,0
887,beast-ball,33,0,0,0
888,big-malasada,30,350,30,0
889,red-nectar,18,300,10,0
890,yellow-nectar,18,300,10,0
891,pink-nectar,18,300,10,0
892,purple-nectar,18,300,10,0
893,sun-flute,22,0,0,0
894,moon-flute,22,0,0,0
895,enigmatic-card,22,0,0,0
896,terrain-extender,12,4000,60,0
897,protective-pads,12,4000,30,0
898,electric-seed,12,4000,10,0
899,psychic-seed,12,4000,10,0
900,misty-seed,12,4000,10,0
901,grassy-seed,12,4000,10,0
902,fighting-memory,45,1000,50,0
903,flying-memory,45,1000,50,0
904,poison-memory,45,1000,50,0
905,ground-memory,45,1000,50,0
906,rock-memory,45,1000,50,0
907,bug-memory,45,1000,50,0
908,ghost-memory,45,1000,50,0
909,steel-memory,45,1000,50,0
910,fire-memory,45,1000,50,0
911,water-memory,45,1000,50,0
912,grass-memory,45,1000,50,0
913,electric-memory,45,1000,50,0
914,psychic-memory,45,1000,50,0
915,ice-memory,45,1000,50,0
916,dragon-memory,45,1000,50,0
917,dark-memory,45,1000,50,0
918,fairy-memory,45,1000,50,0
919,bike--green,23,0,0,0
920,storage-key--galactic-warehouse,23,0,0,0
921,basement-key--goldenrod,23,0,0,0
922,xtransceiver--red,23,0,0,0
923,xtransceiver--yellow,23,0,0,0
924,dna-splicers--merge,23,0,0,0
925,dna-splicers--split,23,0,0,0
926,dropped-item--red,23,0,0,0
927,dropped-item--yellow,23,0,0,0
928,holo-caster--green,23,0,0,0
929,bike--yellow,23,0,0,0
930,holo-caster--red,23,0,0,0
931,basement-key--new-mauville,23,0,0,0
932,storage-key--sea-mauville,23,0,0,0
933,ss-ticket--hoenn,23,0,0,0
934,contest-costume--dress,23,0,0,0
935,meteorite--2,23,0,0,0
936,meteorite--3,23,0,0,0
937,meteorite--4,23,0,0,0
938,normalium-z--bag,23,0,0,0
939,firium-z--bag,23,0,0,0
940,waterium-z--bag,23,0,0,0
941,electrium-z--bag,23,0,0,0
942,grassium-z--bag,23,0,0,0
943,icium-z--bag,23,0,0,0
944,fightinium-z--bag,23,0,0,0
945,poisonium-z--bag,23,0,0,0
946,groundium-z--bag,23,0,0,0
947,flyinium-z--bag,23,0,0,0
948,psychium-z--bag,23,0,0,0
949,buginium-z--bag,23,0,0,0
950,rockium-z--bag,23,0,0,0
951,ghostium-z--bag,23,0,0,0
952,dragonium-z--bag,23,0,0,0
953,darkinium-z--bag,23,0,0,0
954,steelium-z--bag,23,0,0,0
955,fairium-z--bag,23,0,0,0
956,pikanium-z--bag,23,0,0,0
957,decidium-z--bag,23,0,0,0
958,incinium-z--bag,23,0,0,0
959,primarium-z--bag,23,0,0,0
960,tapunium-z--bag,23,0,0,0
961,marshadium-z--bag,23,0,0,0
962,aloraichium-z--bag,23,0,0,0
963,snorlium-z--bag,23,0,0,0
964,eevium-z--bag,23,0,0,0
965,mewnium-z--bag,23,0,0,0
966,pikashunium-z--bag,23,0,0,0
967,solganium-z--held,23,0,0,0
968,lunalium-z--held,23,0,0,0
969,ultranecrozium-z--held,23,0,0,0
970,mimikium-z--held,23,0,0,0
971,lycanium-z--held,23,0,0,0
972,kommonium-z--held,23,0,0,0
973,solganium-z--bag,23,0,0,0
974,lunalium-z--bag,23,0,0,0
975,ultranecrozium-z--bag,23,0,0,0
976,mimikium-z--bag,23,0,0,0
977,lycanium-z--bag,23,0,0,0
978,kommonium-z--bag,23,0,0,0
979,z-power-ring,23,0,0,0
980,pink-petal,23,0,0,0
981,orange-petal,23,0,0,0
982,blue-petal,23,0,0,0
983,red-petal,23,0,0,0
984,green-petal,23,0,0,0
985,yellow-petal,23,0,0,0
986,purple-petal,23,0,0,0
987,rainbow-flower,23,0,0,0
988,surge-badge,23,0,0,0
989,n-solarizer--merge,23,0,0,0
990,n-lunarizer--merge,23,0,0,0
991,n-solarizer--split,23,0,0,0
992,n-lunarizer--split,23,0,0,0
993,ilimas-normalium-z,23,0,0,0
994,left-poke-ball,23,0,0,0
995,roto-hatch,23,0,0,0
996,roto-bargain,23,0,0,0
997,roto-prize-money,23,0,0,0
998,roto-exp-points,23,0,0,0
999,roto-friendship,23,0,0,0
1000,roto-encounter,23,0,0,0
1001,roto-stealth,23,0,0,0
1002,roto-hp-restore,23,0,0,0
1003,roto-pp-restore,23,0,0,0
1004,roto-boost,23,0,0,0
1005,roto-catch,23,0,0,0
1006,autograph,23,0,0,0
1007,pokemon-box,23,0,0,0
1008,medicine-pocket,23,0,0,0
1009,candy-jar,23,0,0,0
1010,power-up-pocket,23,0,0,0
1011,clothing-trunk,23,0,0,0
1012,catching-pocket,23,0,0,0
1013,battle-pocket,23,0,0,0
1014,silver-razz-berry,48,1000,10,0
1015,golden-razz-berry,48,5000,10,0
1016,silver-nanab-berry,48,1000,10,0
1017,golden-nanab-berry,48,5000,10,0
1018,silver-pinap-berry,48,1000,10,0
1019,golden-pinap-berry,48,5000,10,0
1020,secret-key--letsgo,22,0,0,0
1021,ss-ticket--letsgo,22,0,0,0
1022,parcel--letsgo,22,0,0,0
1023,card-key--letsgo,22,0,0,0
1024,stretchy-spring,24,20,30,0
1025,chalky-stone,24,60,30,0
1026,marble,24,300,30,0
1027,lone-earring,24,600,30,0
1028,beach-glass,24,800,30,0
1029,gold-leaf,24,1000,30,0
1030,silver-leaf,24,1000,30,0
1031,polished-mud-ball,24,1200,30,0
1032,tropical-shell,24,2000,30,0
1033,leaf-letter--pikachu,24,0,30,0
1034,leaf-letter--eevee,24,0,30,0
1035,small-bouquet,24,0,30,0
1036,lure,11,400,30,0
1037,super-lure,11,700,30,0
1038,max-lure,11,900,30,0
1039,pewter-crunchies,30,250,30,0
1040,health-candy,26,20,0,0
1041,mighty-candy,26,20,0,0
1042,tough-candy,26,20,0,0
1043,smart-candy,26,20,0,0
1044,courage-candy,26,20,0,0
1045,quick-candy,26,20,0,0
1046,health-candy-l,26,20,0,0
1047,mighty-candy-l,26,20,0,0
1048,tough-candy-l,26,20,0,0
1049,smart-candy-l,26,20,0,0
1050,courage-candy-l,26,20,0,0
1051,quick-candy-l,26,20,0,0
1052,health-candy-xl,26,20,0,0
1053,mighty-candy-xl,26,20,0,0
1054,tough-candy-xl,26,20,0,0
1055,smart-candy-xl,26,20,0,0
1056,courage-candy-xl,26,20,0,0
1057,quick-candy-xl,26,20,0,0
1058,bulbasaur-candy,47,20,0,0
1059,charmander-candy,47,20,0,0
1060,squirtle-candy,47,20,0,0
1061,caterpie-candy,47,20,0,0
1062,weedle-candy,47,20,0,0
1063,pidgey-candy,47,20,0,0
1064,rattata-candy,47,20,0,0
1065,spearow-candy,47,20,0,0
1066,ekans-candy,47,20,0,0
1067,pikachu-candy,47,20,0,0
1068,sandshrew-candy,47,20,0,0
1069,nidoran-f-candy,47,20,0,0
1070,nidoran-m-candy,47,20,0,0
1071,clefairy-candy,47,20,0,0
1072,vulpix-candy,47,20,0,0
1073,jigglypuff-candy,47,20,0,0
1074,zubat-candy,47,20,0,0
1075,oddish-candy,47,20,0,0
1076,paras-candy,47,20,0,0
1077,venonat-candy,47,20,0,0
1078,diglett-candy,47,20,0,0
1079,meowth-candy,47,20,0,0
1080,psyduck-candy,47,20,0,0
1081,mankey-candy,47,20,0,0
1082,growlithe-candy,47,20,0,0
1083,poliwag-candy,47,20,0,0
1084,abra-candy,47,20,0,0
1085,machop-candy,47,20,0,0
1086,bellsprout-candy,47,20,0,0
1087,tentacool-candy,47,20,0,0
1088,geodude-candy,47,20,0,0
1089,ponyta-candy,47,20,0,0
1090,slowpoke-candy,47,20,0,0
1091,magnemite-candy,47,20,0,0
1092,farfetchd-candy,47,20,0,0
1093,doduo-candy,47,20,0,0
1094,seel-candy,47,20,0,0
1095,grimer-candy,47,20,0,0
1096,shellder-candy,47,20,0,0
1097,gastly-candy,47,20,0,0
1098,onix-candy,47,20,0,0
1099,drowzee-candy,47,20,0,0
1100,krabby-candy,47,20,0,0
1101,voltorb-candy,47,20,0,0
1102,exeggcute-candy,47,20,0,0
1103,cubone-candy,47,20,0,0
1104,hitmonlee-candy,47,20,0,0
1105,hitmonchan-candy,47,20,0,0
1106,lickitung-candy,47,20,0,0
1107,koffing-candy,47,20,0,0
1108,rhyhorn-candy,47,20,0,0
1109,chansey-candy,47,20,0,0
1110,tangela-candy,47,20,0,0
1111,kangaskhan-candy,47,20,0,0
1112,horsea-candy,47,20,0,0
1113,goldeen-candy,47,20,0,0
1114,staryu-candy,47,20,0,0
1115,mr-mime-candy,47,20,0,0
1116,scyther-candy,47,20,0,0
1117,jynx-candy,47,20,0,0
1118,electabuzz-candy,47,20,0,0
1119,pinsir-candy,47,20,0,0
1120,tauros-candy,47,20,0,0
1121,magikarp-candy,47,20,0,0
1122,lapras-candy,47,20,0,0
1123,ditto-candy,47,20,0,0
1124,eevee-candy,47,20,0,0
1125,porygon-candy,47,20,0,0
1126,omanyte-candy,47,20,0,0
1127,kabuto-candy,47,20,0,0
1128,aerodactyl-candy,47,20,0,0
1129,snorlax-candy,47,20,0,0
1130,articuno-candy,47,20,0,0
1131,zapdos-candy,47,20,0,0
1132,moltres-candy,47,20,0,0
1133,dratini-candy,47,20,0,0
1134,mewtwo-candy,47,20,0,0
1135,mew-candy,47,20,0,0
1136,meltan-candy,47,20,0,0
1137,magmar-candy,47,20,0,0
1138,endorsement,22,0,0,0
1139,pokemon-box-link,21,0,0,0
1140,wishing-star,22,0,0,0
1141,dynamax-band,22,0,0,0
1142,fishing-rod--galar,21,0,0,0
1143,rotom-bike,21,0,0,0
1144,sausages,51,400,10,0
1145,bobs-food-tin,51,950,80,0
1146,bachs-food-tin,51,950,80,0
1147,tin-of-beans,51,400,80,0
1148,bread,51,150,10,0
1149,pasta,51,150,10,0
1150,mixed-mushrooms,51,400,10,0
1151,smoke-poke-tail,51,2200,10,0
1152,large-leek,51,2200,20,0
1153,fancy-apple,51,2200,20,0
1154,brittle-bones,51,950,30,0
1155,pack-of-potatoes,51,400,10,0
1156,pungent-root,51,950,10,0
1157,salad-mix,51,400,10,0
1158,fried-food,51,150,10,0
1159,boiled-egg,51,2200,20,0
1160,camping-gear,21,0,0,0
1161,rusted-sword,18,0,0,0
1162,rusted-shield,18,0,0,0
1163,fossilized-bird,35,5000,100,0
1164,fossilized-fish,35,5000,100,0
1165,fossilized-drake,35,5000,100,0
1166,fossilized-dino,35,5000,100,0
1167,strawberry-sweet,10,500,10,0
1168,love-sweet,10,500,10,0
1169,berry-sweet,10,500,10,0
1170,clover-sweet,10,500,10,0
1171,flower-sweet,10,500,10,0
1172,star-sweet,10,500,10,0
1173,ribbon-sweet,10,500,10,0
1174,sweet-apple,10,2200,30,0
1175,tart-apple,10,2200,30,0
1176,throat-spray,12,4000,30,0
1177,eject-pack,12,4000,50,0
1178,heavy-duty-boots,12,4000,80,0
1179,blunder-policy,12,4000,80,0
1180,room-service,12,4000,100,0
1181,utility-umbrella,12,4000,60,0
1182,exp-candy-xs,26,20,30,0
1183,exp-candy-s,26,240,30,0
1184,exp-candy-m,26,1000,30,0
1185,exp-candy-l,26,3000,30,0
1186,exp-candy-xl,26,10000,30,0
1187,dynamax-candy,26,0,30,0
1188,tr00,37,4000,10,0
1189,tr01,37,6000,85,0
1190,tr02,37,10000,90,0
1191,tr03,37,16000,110,0
1192,tr04,37,10000,90,0
1193,tr05,37,10000,90,0
1194,tr06,37,16000,110,0
1195,tr07,37,6000,10,0
1196,tr08,37,10000,90,0
1197,tr09,37,16000,110,0
1198,tr10,37,16000,100,0
1199,tr11,37,10000,90,0
1200,tr12,37,4000,10,0
1201,tr13,37,2000,10,0
1202,tr14,37,2000,10,0
1203,tr15,37,16000,110,0
1204,tr16,37,6000,80,0
1205,tr17,37,4000,10,0
1206,tr18,37,6000,80,0
1207,tr19,37,4000,80,0
1208,tr20,37,6000,10,0
1209,tr21,37,4000,10,0
1210,tr22,37,10000,90,0
1211,tr23,37,4000,10,0
1212,tr24,37,16000,120,0
1213,tr25,37,6000,80,0
1214,tr26,37,2000,10,0
1215,tr27,37,4000,10,0
1216,tr28,37,16000,120,0
1217,tr29,37,4000,10,0
1218,tr30,37,4000,10,0
1219,tr31,37,10000,100,0
1220,tr32,37,6000,80,0
1221,tr33,37,6000,80,0
1222,tr34,37,6000,120,0
1223,tr35,37,6000,90,0
1224,tr36,37,10000,95,0
1225,tr37,37,4000,10,0
1226,tr38,37,4000,10,0
1227,tr39,37,16000,120,0
1228,tr40,37,2000,10,0
1229,tr41,37,6000,85,0
1230,tr42,37,10000,90,0
1231,tr43,37,16000,130,0
1232,tr44,37,4000,10,0
1233,tr45,37,10000,90,0
1234,tr46,37,4000,10,0
1235,tr47,37,6000,80,0
1236,tr48,37,4000,10,0
1237,tr49,37,4000,10,0
1238,tr50,37,10000,90,0
1239,tr51,37,4000,10,0
1240,tr52,37,6000,10,0
1241,tr53,37,16000,120,0
1242,tr54,37,4000,10,0
1243,tr55,37,16000,120,0
1244,tr56,37,6000,80,0
1245,tr57,37,6000,80,0
1246,tr58,37,6000,80,0
1247,tr59,37,6000,80,0
1248,tr60,37,6000,80,0
1249,tr61,37,10000,90,0
1250,tr62,37,6000,85,0
1251,tr63,37,6000,80,0
1252,tr64,37,16000,120,0
1253,tr65,37,10000,90,0
1254,tr66,37,16000,120,0
1255,tr67,37,10000,90,0
1256,tr68,37,4000,10,0
1257,tr69,37,6000,80,0
1258,tr70,37,10000,80,0
1259,tr71,37,16000,130,0
1260,tr72,37,16000,120,0
1261,tr73,37,16000,120,0
1262,tr74,37,10000,80,0
1263,tr75,37,16000,100,0
1264,tr76,37,6000,10,0
1265,tr77,37,6000,10,0
1266,tr78,37,10000,95,0
1267,tr79,37,6000,10,0
1268,tr80,37,6000,10,0
1269,tr81,37,6000,95,0
1270,tr82,37,4000,20,0
1271,tr83,37,4000,10,0
1272,tr84,37,6000,80,0
1273,tr85,37,2000,10,0
1274,tr86,37,10000,90,0
1275,tr87,37,6000,80,0
1276,tr88,37,6000,10,0
1277,tr89,37,16000,110,0
1278,tr90,37,10000,90,0
1279,tr91,37,4000,10,0
1280,tr92,37,6000,80,0
1281,tr93,37,10000,85,0
1282,tr94,37,10000,95,0
1283,tr95,37,6000,80,0
1284,tr96,37,10000,90,0
1285,tr97,37,10000,85,0
1286,tr98,37,6000,85,0
1287,tr99,37,6000,80,0
1288,tm00,37,10000,0,0
1289,lonely-mint,50,20,10,0
1290,adamant-mint,50,20,10,0
1291,naughty-mint,50,20,10,0
1292,brave-mint,50,20,10,0
1293,bold-mint,50,20,10,0
1294,impish-mint,50,20,10,0
1295,lax-mint,50,20,10,0
1296,relaxed-mint,50,20,10,0
1297,modest-mint,50,20,10,0
1298,mild-mint,50,20,10,0
1299,rash-mint,50,20,10,0
1300,quiet-mint,50,20,10,0
1301,calm-mint,50,20,10,0
1302,gentle-mint,50,20,10,0
1303,careful-mint,50,20,10,0
1304,sassy-mint,50,20,10,0
1305,timid-mint,50,20,10,0
1306,hasty-mint,50,20,10,0
1307,jolly-mint,50,20,10,0
1308,naive-mint,50,20,10,0
1309,serious-mint,50,20,10,0
1310,wishing-piece,9,20,50,0
1311,cracked-pot,10,1600,80,0
1312,chipped-pot,10,38000,80,0
1313,hi-tech-earbuds,21,0,0,0
1314,fruit-bunch,51,2200,10,0
1315,moomoo-cheese,51,2200,20,0
1316,spice-mix,51,400,50,0
1317,fresh-cream,51,950,10,0
1318,packaged-curry,51,950,10,0
1319,coconut-milk,51,950,10,0
1320,instant-noodles,51,150,10,0
1321,precooked-burger,51,150,10,0
1322,gigantamix,51,15000,50,0
1323,wishing-chip,23,0,0,0
1324,rotom-bike--water-mode,23,0,0,0
1325,catching-charm,21,0,0,0
1326,old-letter,22,0,0,0
1327,band-autograph,23,0,0,0
1328,sonias-book,22,0,0,0
1329,rotom-catalog,21,0,0,0
1330,dynamax-crystal-and458,49,20,0,0
1331,dynamax-crystal-and15,49,20,0,0
1332,dynamax-crystal-and337,49,20,0,0
1333,dynamax-crystal-and603,49,20,0,0
1334,dynamax-crystal-and390,49,20,0,0
1335,dynamax-crystal-sgr6879,49,20,0,0
1336,dynamax-crystal-sgr6859,49,20,0,0
1337,dynamax-crystal-sgr6913,49,20,0,0
1338,dynamax-crystal-sgr7348,49,20,0,0
1339,dynamax-crystal-sgr7121,49,20,0,0
1340,dynamax-crystal-sgr6746,49,20,0,0
1341,dynamax-crystal-sgr7194,49,20,0,0
1342,dynamax-crystal-sgr7337,49,20,0,0
1343,dynamax-crystal-sgr7343,49,20,0,0
1344,dynamax-crystal-sgr6812,49,20,0,0
1345,dynamax-crystal-sgr7116,49,20,0,0
1346,dynamax-crystal-sgr7264,49,20,0,0
1347,dynamax-crystal-sgr7597,49,20,0,0
1348,dynamax-crystal-del7882,49,20,0,0
1349,dynamax-crystal-del7906,49,20,0,0
1350,dynamax-crystal-del7852,49,20,0,0
1351,dynamax-crystal-psc596,49,20,0,0
1352,dynamax-crystal-psc361,49,20,0,0
1353,dynamax-crystal-psc510,49,20,0,0
1354,dynamax-crystal-psc437,49,20,0,0
1355,dynamax-crystal-psc8773,49,20,0,0
1356,dynamax-crystal-lep1865,49,20,0,0
1357,dynamax-crystal-lep1829,49,20,0,0
1358,dynamax-crystal-boo5340,49,20,0,0
1359,dynamax-crystal-boo5506,49,20,0,0
1360,dynamax-crystal-boo5435,49,20,0,0
1361,dynamax-crystal-boo5602,49,20,0,0
1362,dynamax-crystal-boo5733,49,20,0,0
1363,dynamax-crystal-boo5235,49,20,0,0
1364,dynamax-crystal-boo5351,49,20,0,0
1365,dynamax-crystal-hya3748,49,20,0,0
1366,dynamax-crystal-hya3903,49,20,0,0
1367,dynamax-crystal-hya3418,49,20,0,0
1368,dynamax-crystal-hya3482,49,20,0,0
1369,dynamax-crystal-hya3845,49,20,0,0
1370,dynamax-crystal-eri1084,49,20,0,0
1371,dynamax-crystal-eri472,49,20,0,0
1372,dynamax-crystal-eri1666,49,20,0,0
1373,dynamax-crystal-eri897,49,20,0,0
1374,dynamax-crystal-eri1231,49,20,0,0
1375,dynamax-crystal-eri874,49,20,0,0
1376,dynamax-crystal-eri1298,49,20,0,0
1377,dynamax-crystal-eri1325,49,20,0,0
1378,dynamax-crystal-eri984,49,20,0,0
1379,dynamax-crystal-eri1464,49,20,0,0
1380,dynamax-crystal-eri1393,49,20,0,0
1381,dynamax-crystal-eri850,49,20,0,0
1382,dynamax-crystal-tau1409,49,20,0,0
1383,dynamax-crystal-tau1457,49,20,0,0
1384,dynamax-crystal-tau1165,49,20,0,0
1385,dynamax-crystal-tau1791,49,20,0,0
1386,dynamax-crystal-tau1910,49,20,0,0
1387,dynamax-crystal-tau1346,49,20,0,0
1388,dynamax-crystal-tau1373,49,20,0,0
1389,dynamax-crystal-tau1412,49,20,0,0
1390,dynamax-crystal-cma2491,49,20,0,0
1391,dynamax-crystal-cma2693,49,20,0,0
1392,dynamax-crystal-cma2294,49,20,0,0
1393,dynamax-crystal-cma2827,49,20,0,0
1394,dynamax-crystal-cma2282,49,20,0,0
1395,dynamax-crystal-cma2618,49,20,0,0
1396,dynamax-crystal-cma2657,49,20,0,0
1397,dynamax-crystal-cma2646,49,20,0,0
1398,dynamax-crystal-uma4905,49,20,0,0
1399,dynamax-crystal-uma4301,49,20,0,0
1400,dynamax-crystal-uma5191,49,20,0,0
1401,dynamax-crystal-uma5054,49,20,0,0
1402,dynamax-crystal-uma4295,49,20,0,0
1403,dynamax-crystal-uma4660,49,20,0,0
1404,dynamax-crystal-uma4554,49,20,0,0
1405,dynamax-crystal-uma4069,49,20,0,0
1406,dynamax-crystal-uma3569,49,20,0,0
1407,dynamax-crystal-uma3323,49,20,0,0
1408,dynamax-crystal-uma4033,49,20,0,0
1409,dynamax-crystal-uma4377,49,20,0,0
1410,dynamax-crystal-uma4375,49,20,0,0
1411,dynamax-crystal-uma4518,49,20,0,0
1412,dynamax-crystal-uma3594,49,20,0,0
1413,dynamax-crystal-vir5056,49,20,0,0
1414,dynamax-crystal-vir4825,49,20,0,0
1415,dynamax-crystal-vir4932,49,20,0,0
1416,dynamax-crystal-vir4540,49,20,0,0
1417,dynamax-crystal-vir4689,49,20,0,0
1418,dynamax-crystal-vir5338,49,20,0,0
1419,dynamax-crystal-vir4910,49,20,0,0
1420,dynamax-crystal-vir5315,49,20,0,0
1421,dynamax-crystal-vir5359,49,20,0,0
1422,dynamax-crystal-vir5409,49,20,0,0
1423,dynamax-crystal-vir5107,49,20,0,0
1424,dynamax-crystal-ari617,49,20,0,0
1425,dynamax-crystal-ari553,49,20,0,0
1426,dynamax-crystal-ari546,49,20,0,0
1427,dynamax-crystal-ari951,49,20,0,0
1428,dynamax-crystal-ori1713,49,20,0,0
1429,dynamax-crystal-ori2061,49,20,0,0
1430,dynamax-crystal-ori1790,49,20,0,0
1431,dynamax-crystal-ori1903,49,20,0,0
1432,dynamax-crystal-ori1948,49,20,0,0
1433,dynamax-crystal-ori2004,49,20,0,0
1434,dynamax-crystal-ori1852,49,20,0,0
1435,dynamax-crystal-ori1879,49,20,0,0
1436,dynamax-crystal-ori1899,49,20,0,0
1437,dynamax-crystal-ori1543,49,20,0,0
1438,dynamax-crystal-cas21,49,20,0,0
1439,dynamax-crystal-cas168,49,20,0,0
1440,dynamax-crystal-cas403,49,20,0,0
1441,dynamax-crystal-cas153,49,20,0,0
1442,dynamax-crystal-cas542,49,20,0,0
1443,dynamax-crystal-cas219,49,20,0,0
1444,dynamax-crystal-cas265,49,20,0,0
1445,dynamax-crystal-cnc3572,49,20,0,0
1446,dynamax-crystal-cnc3208,49,20,0,0
1447,dynamax-crystal-cnc3461,49,20,0,0
1448,dynamax-crystal-cnc3449,49,20,0,0
1449,dynamax-crystal-cnc3429,49,20,0,0
1450,dynamax-crystal-cnc3627,49,20,0,0
1451,dynamax-crystal-cnc3268,49,20,0,0
1452,dynamax-crystal-cnc3249,49,20,0,0
1453,dynamax-crystal-com4968,49,20,0,0
1454,dynamax-crystal-crv4757,49,20,0,0
1455,dynamax-crystal-crv4623,49,20,0,0
1456,dynamax-crystal-crv4662,49,20,0,0
1457,dynamax-crystal-crv4786,49,20,0,0
1458,dynamax-crystal-aur1708,49,20,0,0
1459,dynamax-crystal-aur2088,49,20,0,0
1460,dynamax-crystal-aur1605,49,20,0,0
1461,dynamax-crystal-aur2095,49,20,0,0
1462,dynamax-crystal-aur1577,49,20,0,0
1463,dynamax-crystal-aur1641,49,20,0,0
1464,dynamax-crystal-aur1612,49,20,0,0
1465,dynamax-crystal-pav7790,49,20,0,0
1466,dynamax-crystal-cet911,49,20,0,0
1467,dynamax-crystal-cet681,49,20,0,0
1468,dynamax-crystal-cet188,49,20,0,0
1469,dynamax-crystal-cet539,49,20,0,0
1470,dynamax-crystal-cet804,49,20,0,0
1471,dynamax-crystal-cep8974,49,20,0,0
1472,dynamax-crystal-cep8162,49,20,0,0
1473,dynamax-crystal-cep8238,49,20,0,0
1474,dynamax-crystal-cep8417,49,20,0,0
1475,dynamax-crystal-cen5267,49,20,0,0
1476,dynamax-crystal-cen5288,49,20,0,0
1477,dynamax-crystal-cen551,49,20,0,0
1478,dynamax-crystal-cen5459,49,20,0,0
1479,dynamax-crystal-cen5460,49,20,0,0
1480,dynamax-crystal-cmi2943,49,20,0,0
1481,dynamax-crystal-cmi2845,49,20,0,0
1482,dynamax-crystal-equ8131,49,20,0,0
1483,dynamax-crystal-vul7405,49,20,0,0
1484,dynamax-crystal-umi424,49,20,0,0
1485,dynamax-crystal-umi5563,49,20,0,0
1486,dynamax-crystal-umi5735,49,20,0,0
1487,dynamax-crystal-umi6789,49,20,0,0
1488,dynamax-crystal-crt4287,49,20,0,0
1489,dynamax-crystal-lyr7001,49,20,0,0
1490,dynamax-crystal-lyr7178,49,20,0,0
1491,dynamax-crystal-lyr7106,49,20,0,0
1492,dynamax-crystal-lyr7298,49,20,0,0
1493,dynamax-crystal-ara6585,49,20,0,0
1494,dynamax-crystal-sco6134,49,20,0,0
1495,dynamax-crystal-sco6527,49,20,0,0
1496,dynamax-crystal-sco6553,49,20,0,0
1497,dynamax-crystal-sco5953,49,20,0,0
1498,dynamax-crystal-sco5984,49,20,0,0
1499,dynamax-crystal-sco6508,49,20,0,0
1500,dynamax-crystal-sco6084,49,20,0,0
1501,dynamax-crystal-sco5944,49,20,0,0
1502,dynamax-crystal-sco6630,49,20,0,0
1503,dynamax-crystal-sco6027,49,20,0,0
1504,dynamax-crystal-sco6247,49,20,0,0
1505,dynamax-crystal-sco6252,49,20,0,0
1506,dynamax-crystal-sco5928,49,20,0,0
1507,dynamax-crystal-sco6241,49,20,0,0
1508,dynamax-crystal-sco6165,49,20,0,0
1509,dynamax-crystal-tri544,49,20,0,0
1510,dynamax-crystal-leo3982,49,20,0,0
1511,dynamax-crystal-leo4534,49,20,0,0
1512,dynamax-crystal-leo4357,49,20,0,0
1513,dynamax-crystal-leo4057,49,20,0,0
1514,dynamax-crystal-leo4359,49,20,0,0
1515,dynamax-crystal-leo4031,49,20,0,0
1516,dynamax-crystal-leo3852,49,20,0,0
1517,dynamax-crystal-leo3905,49,20,0,0
1518,dynamax-crystal-leo3773,49,20,0,0
1519,dynamax-crystal-gru8425,49,20,0,0
1520,dynamax-crystal-gru8636,49,20,0,0
1521,dynamax-crystal-gru8353,49,20,0,0
1522,dynamax-crystal-lib5685,49,20,0,0
1523,dynamax-crystal-lib5531,49,20,0,0
1524,dynamax-crystal-lib5787,49,20,0,0
1525,dynamax-crystal-lib5603,49,20,0,0
1526,dynamax-crystal-pup3165,49,20,0,0
1527,dynamax-crystal-pup3185,49,20,0,0
1528,dynamax-crystal-pup3045,49,20,0,0
1529,dynamax-crystal-cyg7924,49,20,0,0
1530,dynamax-crystal-cyg7417,49,20,0,0
1531,dynamax-crystal-cyg7796,49,20,0,0
1532,dynamax-crystal-cyg8301,49,20,0,0
1533,dynamax-crystal-cyg7949,49,20,0,0
1534,dynamax-crystal-cyg7528,49,20,0,0
1535,dynamax-crystal-oct7228,49,20,0,0
1536,dynamax-crystal-col1956,49,20,0,0
1537,dynamax-crystal-col2040,49,20,0,0
1538,dynamax-crystal-col2177,49,20,0,0
1539,dynamax-crystal-gem2990,49,20,0,0
1540,dynamax-crystal-gem2891,49,20,0,0
1541,dynamax-crystal-gem2421,49,20,0,0
1542,dynamax-crystal-gem2473,49,20,0,0
1543,dynamax-crystal-gem2216,49,20,0,0
1544,dynamax-crystal-gem2777,49,20,0,0
1545,dynamax-crystal-gem2650,49,20,0,0
1546,dynamax-crystal-gem2286,49,20,0,0
1547,dynamax-crystal-gem2484,49,20,0,0
1548,dynamax-crystal-gem2930,49,20,0,0
1549,dynamax-crystal-peg8775,49,20,0,0
1550,dynamax-crystal-peg8781,49,20,0,0
1551,dynamax-crystal-peg39,49,20,0,0
1552,dynamax-crystal-peg8308,49,20,0,0
1553,dynamax-crystal-peg8650,49,20,0,0
1554,dynamax-crystal-peg8634,49,20,0,0
1555,dynamax-crystal-peg8684,49,20,0,0
1556,dynamax-crystal-peg8450,49,20,0,0
1557,dynamax-crystal-peg8880,49,20,0,0
1558,dynamax-crystal-peg8905,49,20,0,0
1559,dynamax-crystal-oph6556,49,20,0,0
1560,dynamax-crystal-oph6378,49,20,0,0
1561,dynamax-crystal-oph6603,49,20,0,0
1562,dynamax-crystal-oph6149,49,20,0,0
1563,dynamax-crystal-oph6056,49,20,0,0
1564,dynamax-crystal-oph6075,49,20,0,0
1565,dynamax-crystal-ser5854,49,20,0,0
1566,dynamax-crystal-ser7141,49,20,0,0
1567,dynamax-crystal-ser5879,49,20,0,0
1568,dynamax-crystal-her6406,49,20,0,0
1569,dynamax-crystal-her6148,49,20,0,0
1570,dynamax-crystal-her6410,49,20,0,0
1571,dynamax-crystal-her6526,49,20,0,0
1572,dynamax-crystal-her6117,49,20,0,0
1573,dynamax-crystal-her6008,49,20,0,0
1574,dynamax-crystal-per936,49,20,0,0
1575,dynamax-crystal-per1017,49,20,0,0
1576,dynamax-crystal-per1131,49,20,0,0
1577,dynamax-crystal-per1228,49,20,0,0
1578,dynamax-crystal-per834,49,20,0,0
1579,dynamax-crystal-per941,49,20,0,0
1580,dynamax-crystal-phe99,49,20,0,0
1581,dynamax-crystal-phe338,49,20,0,0
1582,dynamax-crystal-vel3634,49,20,0,0
1583,dynamax-crystal-vel3485,49,20,0,0
1584,dynamax-crystal-vel3734,49,20,0,0
1585,dynamax-crystal-aqr8232,49,20,0,0
1586,dynamax-crystal-aqr8414,49,20,0,0
1587,dynamax-crystal-aqr8709,49,20,0,0
1588,dynamax-crystal-aqr8518,49,20,0,0
1589,dynamax-crystal-aqr7950,49,20,0,0
1590,dynamax-crystal-aqr8499,49,20,0,0
1591,dynamax-crystal-aqr8610,49,20,0,0
1592,dynamax-crystal-aqr8264,49,20,0,0
1593,dynamax-crystal-cru4853,49,20,0,0
1594,dynamax-crystal-cru4730,49,20,0,0
1595,dynamax-crystal-cru4763,49,20,0,0
1596,dynamax-crystal-cru4700,49,20,0,0
1597,dynamax-crystal-cru4656,49,20,0,0
1598,dynamax-crystal-psa8728,49,20,0,0
1599,dynamax-crystal-tra6217,49,20,0,0
1600,dynamax-crystal-cap7776,49,20,0,0
1601,dynamax-crystal-cap7754,49,20,0,0
1602,dynamax-crystal-cap8278,49,20,0,0
1603,dynamax-crystal-cap8322,49,20,0,0
1604,dynamax-crystal-cap7773,49,20,0,0
1605,dynamax-crystal-sge7479,49,20,0,0
1606,dynamax-crystal-car2326,49,20,0,0
1607,dynamax-crystal-car3685,49,20,0,0
1608,dynamax-crystal-car3307,49,20,0,0
1609,dynamax-crystal-car3699,49,20,0,0
1610,dynamax-crystal-dra5744,49,20,0,0
1611,dynamax-crystal-dra5291,49,20,0,0
1612,dynamax-crystal-dra6705,49,20,0,0
1613,dynamax-crystal-dra6536,49,20,0,0
1614,dynamax-crystal-dra7310,49,20,0,0
1615,dynamax-crystal-dra6688,49,20,0,0
1616,dynamax-crystal-dra4434,49,20,0,0
1617,dynamax-crystal-dra6370,49,20,0,0
1618,dynamax-crystal-dra7462,49,20,0,0
1619,dynamax-crystal-dra6396,49,20,0,0
1620,dynamax-crystal-dra6132,49,20,0,0
1621,dynamax-crystal-dra6636,49,20,0,0
1622,dynamax-crystal-cvn4915,49,20,0,0
1623,dynamax-crystal-cvn4785,49,20,0,0
1624,dynamax-crystal-cvn4846,49,20,0,0
1625,dynamax-crystal-aql7595,49,20,0,0
1626,dynamax-crystal-aql7557,49,20,0,0
1627,dynamax-crystal-aql7525,49,20,0,0
1628,dynamax-crystal-aql7602,49,20,0,0
1629,dynamax-crystal-aql7235,49,20,0,0
1630,max-honey,29,4000,30,0
1631,max-mushrooms,1,6000,30,0
1632,galarica-twig,9,20,30,0
1633,galarica-cuff,9,3000,30,0
1634,style-card,21,0,0,0
1635,armor-pass,22,0,0,0
1636,rotom-bike--sparkling-white,23,0,0,0
1637,rotom-bike--glistening-black,23,0,0,0
1638,exp-charm,21,0,0,0
1639,armorite-ore,9,20,30,0
1640,mark-charm,21,0,0,0
1641,reins-of-unity--merge,23,0,0,0
1642,reins-of-unity--split,23,0,0,0
1643,galarica-wreath,9,3000,30,0
1644,legendary-clue-1,22,0,0,0
1645,legendary-clue-2,22,0,0,0
1646,legendary-clue-3,22,0,0,0
1647,legendary-clue-question,22,0,0,0
1648,crown-pass,22,0,0,0
1649,wooden-crown,22,0,0,0
1650,radiant-petal,22,0,0,0
1651,white-mane-hair,22,0,0,0
1652,black-mane-hair,22,0,0,0
1653,iceroot-carrot,22,0,0,0
1654,shaderoot-carrot,22,0,0,0
1655,dynite-ore,9,20,30,0
1656,carrot-seeds,22,20,0,0
1657,ability-patch,26,20,0,0
1658,reins-of-unity,22,0,0,0
1659,adamant-crystal,21,0,0,0
1660,lustrous-globe,21,0,0,0
1661,griseous-core,21,0,0,0
1662,blank-plate,17,0,0,0
1663,strange-ball,20,0,0,0
1664,legend-plate,17,0,0,0
1665,rotom-phone,20,0,0,0
1666,sandwich,20,0,0,0
1667,koraidon’s-poké-ball,20,0,0,0
1668,miraidon’s-poké-ball,20,0,0,0
1669,tera-orb,20,0,0,0
1670,scarlet-book,20,0,0,0
1671,violet-book,20,0,0,0
1672,kofu’s-wallet,22,0,0,0
1673,tiny-bamboo-shoot,24,375,0,0
1674,big-bamboo-shoot,24,1500,0,0
1675,scroll-of-darkness,21,0,0,0
1676,scroll-of-waters,21,0,0,0
1677,malicious-armor,10,750,0,0
1678,normal-tera-shard,52,500,0,0
1679,fire-tera-shard,52,500,0,0
1680,water-tera-shard,52,500,0,0
1681,electric-tera-shard,52,500,0,0
1682,grass-tera-shard,52,500,0,0
1683,ice-tera-shard,52,500,0,0
1684,fighting-tera-shard,52,500,0,0
1685,poison-tera-shard,52,500,0,0
1686,ground-tera-shard,52,500,0,0
1687,flying-tera-shard,52,500,0,0
1688,psychic-tera-shard,52,500,0,0
1689,bug-tera-shard,52,500,0,0
1690,rock-tera-shard,52,500,0,0
1691,ghost-tera-shard,52,500,0,0
1692,dragon-tera-shard,52,500,0,0
1693,dark-tera-shard,52,500,0,0
1694,steel-tera-shard,52,500,0,0
1695,fairy-tera-shard,52,500,0,0
1696,booster-energy,12,0,0,0
1697,ability-shield,12,20000,0,0
1698,clear-amulet,12,30000,0,0
1699,mirror-herb,12,30000,0,0
1700,punching-glove,12,15000,0,0
1701,covert-cloak,12,20000,0,0
1702,loaded-dice,12,20000,0,0
1703,baguette,53,0,0,0
1704,mayonnaise,53,120,0,0
1705,ketchup,53,110,0,0
1706,mustard,53,130,0,0
1707,butter,53,250,0,0
1708,peanut-butter,53,300,0,0
1709,chili-sauce,53,320,0,0
1710,salt,53,90,0,0
1711,pepper,53,100,0,0
1712,yogurt,53,140,0,0
1713,whipped-cream,53,200,0,0
1714,cream-cheese,53,280,0,0
1715,jam,53,120,0,0
1716,marmalade,53,260,0,0
1717,olive-oil,53,300,0,0
1718,vinegar,53,300,0,0
1719,sweet-herba-mystica,53,0,0,0
1720,salty-herba-mystica,53,0,0,0
1721,sour-herba-mystica,53,0,0,0
1722,bitter-herba-mystica,53,0,0,0
1723,spicy-herba-mystica,53,0,0,0
1724,lettuce,53,90,0,0
1725,tomato,53,100,0,0
1726,cherry-tomatoes,53,120,0,0
1727,cucumber,53,130,0,0
1728,pickle,53,90,0,0
1729,onion,53,130,0,0
1730,red-onion,53,230,0,0
1731,green-bell-pepper,53,230,0,0
1732,red-bell-pepper,53,240,0,0
1733,yellow-bell-pepper,53,240,0,0
1734,avocado,53,180,0,0
1735,bacon,53,150,0,0
1736,ham,53,170,0,0
1737,prosciutto,53,200,0,0
1738,chorizo,53,150,0,0
1739,herbed-sausage,53,400,0,0
1740,hamburger,53,380,0,0
1741,klawf-stick,53,500,0,0
1742,smoked-fillet,53,330,0,0
1743,fried-fillet,53,360,0,0
1744,egg,53,80,0,0
1745,potato-tortilla,53,250,0,0
1746,tofu,53,260,0,0
1747,rice,53,280,0,0
1748,noodles,53,280,0,0
1749,potato-salad,53,110,0,0
1750,cheese,53,120,0,0
1751,banana,53,80,0,0
1752,strawberry,53,140,0,0
1753,apple,53,130,0,0
1754,kiwi,53,180,0,0
1755,pineapple,53,250,0,0
1756,jalapeño,53,220,0,0
1757,horseradish,53,410,0,0
1758,curry-powder,53,450,0,0
1759,wasabi,53,330,0,0
1760,watercress,53,270,0,0
1761,basil,53,280,0,0
1762,venonat-fang,54,80,0,0
1763,diglett-dirt,54,80,0,0
1764,meowth-fur,54,80,0,0
1765,psyduck-down,54,60,0,0
1766,mankey-fur,54,80,0,0
1767,growlithe-fur,54,80,0,0
1768,slowpoke-claw,54,80,0,0
1769,magnemite-screw,54,80,0,0
1770,grimer-toxin,54,80,0,0
1771,shellder-pearl,54,140,0,0
1772,gastly-gas,54,80,0,0
1773,drowzee-fur,54,60,0,0
1774,voltorb-sparks,54,80,0,0
1775,scyther-claw,54,100,0,0
1776,tauros-hair,54,100,0,0
1777,magikarp-scales,54,40,0,0
1778,ditto-goo,54,300,0,0
1779,eevee-fur,54,200,0,0
1780,dratini-scales,54,200,0,0
1781,pichu-fur,54,100,0,0
1782,igglybuff-fluff,54,60,0,0
1783,mareep-wool,54,60,0,0
1784,hoppip-leaf,54,60,0,0
1785,sunkern-leaf,54,60,0,0
1786,murkrow-bauble,54,100,0,0
1787,misdreavus-tears,54,80,0,0
1788,girafarig-fur,54,100,0,0
1789,pineco-husk,54,80,0,0
1790,dunsparce-scales,54,120,0,0
1791,qwilfish-spines,54,80,0,0
1792,heracross-claw,54,100,0,0
1793,sneasel-claw,54,80,0,0
1794,teddiursa-claw,54,80,0,0
1795,delibird-parcel,54,240,0,0
1796,houndour-fang,54,80,0,0
1797,phanpy-nail,54,80,0,0
1798,stantler-hair,54,120,0,0
1799,larvitar-claw,54,200,0,0
1800,wingull-feather,54,60,0,0
1801,ralts-dust,54,80,0,0
1802,surskit-syrup,54,60,0,0
1803,shroomish-spores,54,80,0,0
1804,slakoth-fur,54,60,0,0
1805,makuhita-sweat,54,80,0,0
1806,azurill-fur,54,60,0,0
1807,sableye-gem,54,200,0,0
1808,meditite-sweat,54,80,0,0
1809,gulpin-mucus,54,80,0,0
1810,numel-lava,54,80,0,0
1811,torkoal-coal,54,140,0,0
1812,spoink-pearl,54,140,0,0
1813,cacnea-needle,54,80,0,0
1814,swablu-fluff,54,100,0,0
1815,zangoose-claw,54,120,0,0
1816,seviper-fang,54,120,0,0
1817,barboach-slime,54,60,0,0
1818,shuppet-scrap,54,80,0,0
1819,tropius-leaf,54,140,0,0
1820,snorunt-fur,54,80,0,0
1821,luvdisc-scales,54,160,0,0
1822,bagon-scales,54,200,0,0
1823,starly-feather,54,60,0,0
1824,kricketot-shell,54,40,0,0
1825,shinx-fang,54,60,0,0
1826,combee-honey,54,100,0,0
1827,pachirisu-fur,54,100,0,0
1828,buizel-fur,54,80,0,0
1829,shellos-mucus,54,80,0,0
1830,drifloon-gas,54,80,0,0
1831,stunky-fur,54,80,0,0
1832,bronzor-fragment,54,80,0,0
1833,bonsly-tears,54,80,0,0
1834,happiny-dust,54,300,0,0
1835,spiritomb-fragment,54,240,0,0
1836,gible-scales,54,200,0,0
1837,riolu-fur,54,160,0,0
1838,hippopotas-sand,54,80,0,0
1839,croagunk-poison,54,80,0,0
1840,finneon-scales,54,80,0,0
1841,snover-berries,54,60,0,0
1842,rotom-sparks,54,200,0,0
1843,petilil-leaf,54,60,0,0
1844,basculin-fang,54,80,0,0
1845,sandile-claw,54,80,0,0
1846,zorua-fur,54,140,0,0
1847,gothita-eyelash,54,80,0,0
1848,deerling-hair,54,60,0,0
1849,foongus-spores,54,80,0,0
1850,alomomola-mucus,54,120,0,0
1851,tynamo-slime,54,80,0,0
1852,axew-scales,54,200,0,0
1853,cubchoo-fur,54,80,0,0
1854,cryogonal-ice,54,100,0,0
1855,pawniard-blade,54,80,0,0
1856,rufflet-feather,54,80,0,0
1857,deino-scales,54,200,0,0
1858,larvesta-fuzz,54,200,0,0
1859,fletchling-feather,54,60,0,0
1860,scatterbug-powder,54,40,0,0
1861,litleo-tuft,54,80,0,0
1862,flabébé-pollen,54,80,0,0
1863,skiddo-leaf,54,80,0,0
1864,skrelp-kelp,54,100,0,0
1865,clauncher-claw,54,100,0,0
1866,hawlucha-down,54,100,0,0
1867,dedenne-fur,54,100,0,0
1868,goomy-goo,54,140,0,0
1869,klefki-key,54,100,0,0
1870,bergmite-ice,54,80,0,0
1871,noibat-fur,54,80,0,0
1872,yungoos-fur,54,60,0,0
1873,crabrawler-shell,54,100,0,0
1874,oricorio-feather,54,100,0,0
1875,rockruff-rock,54,80,0,0
1876,mareanie-spike,54,80,0,0
1877,mudbray-mud,54,80,0,0
1878,fomantis-leaf,54,80,0,0
1879,salandit-gas,54,80,0,0
1880,bounsweet-sweat,54,80,0,0
1881,oranguru-fur,54,120,0,0
1882,passimian-fur,54,120,0,0
1883,sandygast-sand,54,80,0,0
1884,komala-claw,54,100,0,0
1885,mimikyu-scrap,54,40,0,0
1886,bruxish-tooth,54,100,0,0
1887,chewtle-claw,54,80,0,0
1888,skwovet-fur,54,60,0,0
1889,arrokuda-scales,54,80,0,0
1890,rookidee-feather,54,80,0,0
1891,toxel-sparks,54,80,0,0
1892,falinks-sweat,54,120,0,0
1893,cufant-tarnish,54,80,0,0
1894,rolycoly-coal,54,80,0,0
1895,silicobra-sand,54,80,0,0
1896,indeedee-fur,54,120,0,0
1897,pincurchin-spines,54,100,0,0
1898,snom-thread,54,80,0,0
1899,impidimp-hair,54,80,0,0
1900,applin-juice,54,100,0,0
1901,sinistea-chip,54,80,0,0
1902,hatenna-dust,54,80,0,0
1903,stonjourner-stone,54,120,0,0
1904,eiscue-down,54,120,0,0
1905,dreepy-powder,54,200,0,0
1906,lechonk-hair,54,60,0,0
1907,tarountula-thread,54,60,0,0
1908,nymble-claw,54,60,0,0
1909,rellor-mud,54,80,0,0
1910,greavard-wax,54,80,0,0
1911,flittle-down,54,80,0,0
1912,wiglett-sand,54,80,0,0
1913,dondozo-whisker,54,160,0,0
1914,veluza-fillet,54,140,0,0
1915,finizen-mucus,54,100,0,0
1916,smoliv-oil,54,80,0,0
1917,capsakid-seed,54,80,0,0
1918,tadbulb-mucus,54,80,0,0
1919,varoom-fume,54,80,0,0
1920,orthworm-tarnish,54,200,0,0
1921,tandemaus-fur,54,80,0,0
1922,cetoddle-grease,54,80,0,0
1923,frigibax-scales,54,200,0,0
1924,tatsugiri-scales,54,200,0,0
1925,cyclizar-scales,54,120,0,0
1926,pawmi-fur,54,100,0,0
1927,wattrel-feather,54,120,0,0
1928,bombirdier-feather,54,200,0,0
1929,squawkabilly-feather,54,80,0,0
1930,flamigo-down,54,80,0,0
1931,klawf-claw,54,200,0,0
1932,nacli-salt,54,80,0,0
1933,glimmet-crystal,54,120,0,0
1934,shroodle-ink,54,80,0,0
1935,fidough-fur,54,80,0,0
1936,maschiff-fang,54,80,0,0
1937,bramblin-twig,54,80,0,0
1938,gimmighoul-coin,54,800,0,0
1939,tinkatink-hair,54,80,0,0
1940,charcadet-soot,54,160,0,0
1941,toedscool-flaps,54,100,0,0
1942,wooper-slime,54,60,0,0
1943,tm100,37,0,0,0
1944,tm101,37,0,0,0
1945,tm102,37,0,0,0
1946,tm103,37,0,0,0
1947,tm104,37,0,0,0
1948,tm105,37,0,0,0
1949,tm106,37,0,0,0
1950,tm107,37,0,0,0
1951,tm108,37,0,0,0
1952,tm109,37,0,0,0
1953,tm110,37,0,0,0
1954,tm111,37,0,0,0
1955,tm112,37,0,0,0
1956,tm113,37,0,0,0
1957,tm114,37,0,0,0
1958,tm115,37,0,0,0
1959,tm116,37,0,0,0
1960,tm117,37,0,0,0
1961,tm118,37,0,0,0
1962,tm119,37,0,0,0
1963,tm120,37,0,0,0
1964,tm121,37,0,0,0
1965,tm122,37,0,0,0
1966,tm123,37,0,0,0
1967,tm124,37,0,0,0
1968,tm125,37,0,0,0
1969,tm126,37,0,0,0
1970,tm127,37,0,0,0
1971,tm128,37,0,0,0
1972,tm129,37,0,0,0
1973,tm130,37,0,0,0
1974,tm131,37,0,0,0
1975,tm132,37,0,0,0
1976,tm133,37,0,0,0
1977,tm134,37,0,0,0
1978,tm135,37,0,0,0
1979,tm136,37,0,0,0
1980,tm137,37,0,0,0
1981,tm138,37,0,0,0
1982,tm139,37,0,0,0
1983,tm140,37,0,0,0
1984,tm141,37,0,0,0
1985,tm142,37,0,0,0
1986,tm143,37,0,0,0
1987,tm144,37,0,0,0
1988,tm145,37,0,0,0
1989,tm146,37,0,0,0
1990,tm147,37,0,0,0
1991,tm148,37,0,0,0
1992,tm149,37,0,0,0
1993,tm150,37,0,0,0
1994,tm151,37,0,0,0
1995,tm152,37,0,0,0
1996,tm153,37,0,0,0
1997,tm154,37,0,0,0
1998,tm155,37,0,0,0
1999,tm156,37,0,0,0
2000,tm157,37,0,0,0
2001,tm158,37,0,0,0
2002,tm159,37,0,0,0
2003,tm160,37,0,0,0
2004,tm161,37,0,0,0
2005,tm162,37,0,0,0
2006,tm163,37,0,0,0
2007,tm164,37,0,0,0
2008,tm165,37,0,0,0
2009,tm166,37,0,0,0
2010,tm167,37,0,0,0
2011,tm168,37,0,0,0
2012,tm169,37,0,0,0
2013,tm170,37,0,0,0
2014,tm171,37,0,0,0
2015,picnic-set,55,0,0,0
2016,academy-bottle,55,0,0,0
2017,academy-bottle,55,0,0,0
2018,polka-dot-bottle,55,1000,0,0
2019,striped-bottle,55,1000,0,0
2020,diamond-bottle,55,1000,0,0
2021,academy-cup,55,0,0,0
2022,academy-cup,55,0,0,0
2023,striped-cup,55,800,0,0
2024,polka-dot-cup,55,800,0,0
2025,flower-pattern-cup,55,800,0,0
2026,academy-tablecloth,55,0,0,0
2027,academy-tablecloth,55,0,0,0
2028,whimsical-tablecloth,55,2000,0,0
2029,leafy-tablecloth,55,2000,0,0
2030,spooky-tablecloth,55,4000,0,0
2031,academy-ball,55,0,0,0
2032,academy-ball,55,0,0,0
2033,marill-ball,55,2000,0,0
2034,yarn-ball,55,1000,0,0
2035,cyber-ball,55,2000,0,0
2036,gold-pick,55,400,0,0
2037,silver-pick,55,40,0,0
2038,red-flag-pick,55,120,0,0
2039,blue-flag-pick,55,120,0,0
2040,pika-pika-pick,55,480,0,0
2041,winking-pika-pick,55,1200,0,0
2042,vee-vee-pick,55,480,0,0
2043,smiling-vee-pick,55,1200,0,0
2044,blue-poké-ball-pick,55,200,0,0
2045,auspicious-armor,55,3000,0,0
2046,leader’s-crest,55,3000,0,0
2047,pink-bottle,55,2000,0,0
2048,blue-bottle,55,2000,0,0
2049,yellow-bottle,55,2000,0,0
2050,steel-bottle-(r),55,1500,0,0
2051,steel-bottle-(y),55,1500,0,0
2052,steel-bottle-(b),55,1500,0,0
2053,silver-bottle,55,20000,0,0
2054,barred-cup,55,800,0,0
2055,diamond-pattern-cup,55,800,0,0
2056,fire-pattern-cup,55,800,0,0
2057,pink-cup,55,1500,0,0
2058,blue-cup,55,1500,0,0
2059,yellow-cup,55,1500,0,0
2060,pikachu-cup,55,2000,0,0
2061,eevee-cup,55,2000,0,0
2062,slowpoke-cup,55,2000,0,0
2063,silver-cup,55,20000,0,0
2064,exercise-ball,55,2000,0,0
2065,plaid-tablecloth-(y),55,3000,0,0
2066,plaid-tablecloth-(b),55,3000,0,0
2067,plaid-tablecloth-(r),55,3000,0,0
2068,b&w-grass-tablecloth,55,0,0,0
2069,battle-tablecloth,55,4000,0,0
2070,monstrous-tablecloth,55,2000,0,0
2071,striped-tablecloth,55,1500,0,0
2072,diamond-tablecloth,55,1500,0,0
2073,polka-dot-tablecloth,55,1500,0,0
2074,lilac-tablecloth,55,1000,0,0
2075,mint-tablecloth,55,1000,0,0
2076,peach-tablecloth,55,1000,0,0
2077,yellow-tablecloth,55,5000,0,0
2078,blue-tablecloth,55,5000,0,0
2079,pink-tablecloth,55,5000,0,0
2080,gold-bottle,55,30000,0,0
2081,bronze-bottle,55,10000,0,0
2082,gold-cup,55,15000,0,0
2083,bronze-cup,55,5000,0,0
2084,green-poké-ball-pick,55,200,0,0
2085,red-poké-ball-pick,55,200,0,0
2086,party-sparkler-pick,55,1600,0,0
2087,heroic-sword-pick,55,2000,0,0
2088,magical-star-pick,55,600,0,0
2089,magical-heart-pick,55,600,0,0
2090,parasol-pick,55,800,0,0
2091,blue-sky-flower-pick,55,1000,0,0
2092,sunset-flower-pick,55,1000,0,0
2093,sunrise-flower-pick,55,1000,0,0
2094,blue-dish,55,0,0,0
2095,green-dish,55,0,0,0
2096,orange-dish,55,0,0,0
2097,red-dish,55,0,0,0
2098,white-dish,55,0,0,0
2099,yellow-dish,55,0,0,0
10001,black-augurite,10,0,0,0
10002,peat-block,10,0,0,0
